GISJOIN,YEAR,REGIONA,DIVISIONA,STATE,STATEA,COUNTYA,COUSUBA,PLACEA,TRACTA,BLKGRPA,CONCITA,AIANHHA,RES_ONLYA,TRUSTA,AITSCEA,ANRCA,CBSAA,CSAA,METDIVA,NECTAA,CNECTAA,NECTADIVA,UAA,CDCURRA,SLDUA,SLDLA,ZCTA5A,SUBMCDA,SDELMA,SDSECA,SDUNIA,PUMA5A,BTTRA,BTBGA,NAME_E,AJWME001,AJWVE001,AJWVE002,AJWVE003,AJWVE004,AJWVE005,AJWVE006,AJWVE007,AJWVE008,AJWVE009,AJWVE010,AJWVE011,AJWVE012,AJWVE013,AJWVE014,AJWVE015,AJWVE016,AJWVE017,AJWVE018,AJWVE019,AJWVE020,AJWVE021,AJXCE001,AJXCE002,AJXCE003,AJXCE004,AJXCE005,AJXCE006,AJXCE007,AJXCE008,AJXCE009,AJXCE010,AJXCE011,AJXCE012,AJXCE013,AJXCE014,AJXCE015,AJXCE016,AJXCE017,AJXCE018,AJXCE019,AJXCE020,AJXCE021,AJXEE001,AJXEE002,AJXEE003,AJXEE004,AJXEE005,AJXEE006,AJXEE007,AJXEE008,AJXEE009,AJXEE010,AJXEE011,AJXEE012,AJXEE013,AJXKE001,AJXKE002,AJXKE003,AJXKE004,AJXKE005,AJXKE006,AJXKE007,AJXKE008,AJXKE009,AJYPE001,AJYPE002,AJYPE003,AJYPE004,AJYPE005,AJYPE006,AJYPE007,AJYPE008,AJYPE009,AJYPE010,AJYPE011,AJYPE012,AJYPE013,AJYPE014,AJYPE015,AJYPE016,AJYPE017,AJYPE018,AJYPE019,AJYPE020,AJYPE021,AJYPE022,AJYPE023,AJYPE024,AJYPE025,AJY2E001,AJY2E002,AJY2E003,AJY2E004,AJY2E005,AJY2E006,AJY2E007,AJY2E008,AJY2E009,AJY2E010,AJY2E011,AJY2E012,AJY2E013,AJY2E014,AJZAE001,AJZVE001,AJZVE002,AJZVE003,AJ0EE001,AJ1CE001,AJ1CE002,AJ1CE003,AJ1CE004,AJ1CE005,AJ1CE006,AJ1CE007,AJ1SE001,AJ1TE001,AJ1TE002,AJ1TE003,AJ14E001,AJ14E002,AJ14E003,AJ14E004,AJ14E005,AJ14E006,AJ14E007,AJ14E008,AJ2ME001,AJ2ME002,AJ2ME003,AJ2ME004,AJ2ME005,AJ2ME006,AJ2ME007,AJ2ME008,AJ2ME009,AJ2ME010,AJ2ME011,AJ2NE001,AJ3EE001,AJ3QE001,NAME_M,AJWMM001,AJWVM001,AJWVM002,AJWVM003,AJWVM004,AJWVM005,AJWVM006,AJWVM007,AJWVM008,AJWVM009,AJWVM010,AJWVM011,AJWVM012,AJWVM013,AJWVM014,AJWVM015,AJWVM016,AJWVM017,AJWVM018,AJWVM019,AJWVM020,AJWVM021,AJXCM001,AJXCM002,AJXCM003,AJXCM004,AJXCM005,AJXCM006,AJXCM007,AJXCM008,AJXCM009,AJXCM010,AJXCM011,AJXCM012,AJXCM013,AJXCM014,AJXCM015,AJXCM016,AJXCM017,AJXCM018,AJXCM019,AJXCM020,AJXCM021,AJXEM001,AJXEM002,AJXEM003,AJXEM004,AJXEM005,AJXEM006,AJXEM007,AJXEM008,AJXEM009,AJXEM010,AJXEM011,AJXEM012,AJXEM013,AJXKM001,AJXKM002,AJXKM003,AJXKM004,AJXKM005,AJXKM006,AJXKM007,AJXKM008,AJXKM009,AJYPM001,AJYPM002,AJYPM003,AJYPM004,AJYPM005,AJYPM006,AJYPM007,AJYPM008,AJYPM009,AJYPM010,AJYPM011,AJYPM012,AJYPM013,AJYPM014,AJYPM015,AJYPM016,AJYPM017,AJYPM018,AJYPM019,AJYPM020,AJYPM021,AJYPM022,AJYPM023,AJYPM024,AJYPM025,AJY2M001,AJY2M002,AJY2M003,AJY2M004,AJY2M005,AJY2M006,AJY2M007,AJY2M008,AJY2M009,AJY2M010,AJY2M011,AJY2M012,AJY2M013,AJY2M014,AJZAM001,AJZVM001,AJZVM002,AJZVM003,AJ0EM001,AJ1CM001,AJ1CM002,AJ1CM003,AJ1CM004,AJ1CM005,AJ1CM006,AJ1CM007,AJ1SM001,AJ1TM001,AJ1TM002,AJ1TM003,AJ14M001,AJ14M002,AJ14M003,AJ14M004,AJ14M005,AJ14M006,AJ14M007,AJ14M008,AJ2MM001,AJ2MM002,AJ2MM003,AJ2MM004,AJ2MM005,AJ2MM006,AJ2MM007,AJ2MM008,AJ2MM009,AJ2MM010,AJ2MM011,AJ2NM001,AJ3EM001,AJ3QM001
"G010","2014-2018",,,"Alabama","01",,,,,,,,,,,,,,,,,,,,,,,,,,,,,,"Alabama",4864680,4864680,4661534,3196730,1285737,23243,63936,1521,7503,82864,2235,80629,203146,120723,7449,2333,673,661,62552,8755,4844,3911,2051445,1934423,1760032,174391,135992,23411,8459,3682,2847,6959,6427,126,98,65,243,741,2238,2115,22977,15111,66881,1984564,51349,187045,279860,334026,313420,133836,293268,57260,59753,151641,86216,36890,1860269,1229905,883386,346519,78523,267996,630364,548612,81752,3299958,41240,472,496,801,1831,5304,4582,6895,21392,22023,44356,68661,93256,97758,60976,838776,181396,199534,514121,273493,515443,221842,50429,34881,1860269,1755401,58860,13692,45168,21296,2043,19253,18677,5467,13210,6035,865,5170,48486,1860269,276211,1584058,26846,3894696,2237164,2224606,2076708,147898,12558,1657532,2244462,2244462,1860269,384193,384193,67917,13246,27231,14173,77935,317,183374,2244462,35723,80214,362686,408787,327910,370348,253291,195216,93058,117229,1983,772,137200,"Alabama",0,0,393,847,2516,1178,1243,265,1299,3183,607,3099,393,3154,1000,620,232,512,3295,986,766,710,7865,8203,8306,3364,2986,1195,877,501,513,682,672,84,83,45,134,174,316,304,1206,1003,2140,8233,1669,3455,4244,3769,4237,3261,3717,1670,1739,3385,2248,1456,6522,6269,6445,3648,2159,3171,4397,4291,2253,1188,1648,127,153,175,302,562,504,602,1209,1202,1509,2298,2640,2554,1765,6848,2908,3539,5357,3743,5193,3434,1679,1303,6522,5955,1269,889,1375,980,316,910,920,564,871,618,229,557,364,6522,3358,6846,166,1458,6683,6628,7503,3501,734,6487,363,363,6522,6359,6359,2391,982,1551,948,1964,131,3833,363,1277,2060,3399,4388,3461,3222,3484,3301,2103,2250,1,4,735
"G020","2014-2018",,,"Alaska","02",,,,,,,,,,,,,,,,,,,,,,,,,,,,,,"Alaska",738516,738516,687330,450754,22817,103506,45617,8544,1459,54633,645,53988,51186,28080,1312,3154,939,305,9568,7828,2829,4999,358627,290566,246808,43758,32201,6457,3147,1164,789,4981,4598,46,37,23,277,1045,488,3590,27575,13651,16731,341896,27388,62757,67020,64605,48686,13727,23169,3261,4367,10663,9695,6558,253462,167633,125847,41786,14959,26827,85829,65197,20632,477727,3479,97,66,40,504,642,594,607,1473,1126,3617,3233,6331,7390,5561,107913,25938,35716,93703,40052,88053,36794,9506,5292,253462,205765,11734,1081,10653,8102,527,7575,14074,2787,11287,13787,899,12888,76715,253462,33390,220072,35874,571528,396353,379219,351152,28067,17134,175175,315386,315386,253462,61924,61924,6691,1838,3251,1081,30985,364,17714,315386,2986,9002,52378,44521,80320,74431,26698,14887,5089,5074,1984,1231,265200,"Alaska",0,0,121,457,675,1355,969,413,566,1766,212,1734,121,1319,357,603,332,181,1166,745,525,596,1842,2199,2440,1763,1474,669,527,246,161,523,516,59,28,31,77,185,128,438,1128,667,803,1863,1039,1738,1712,1815,1784,891,1038,394,383,649,692,517,1351,1876,1680,1287,919,1005,1668,1659,935,371,474,60,57,20,188,149,112,161,255,182,323,289,512,499,441,1954,1087,1239,1816,1179,1745,1313,786,523,1351,1748,588,270,605,565,135,535,652,376,562,559,113,548,894,1351,927,1416,389,513,1893,1831,1873,1191,744,1852,198,198,1351,1302,1302,615,339,450,192,806,82,823,198,404,640,1213,993,1377,1373,965,786,390,378,1,13,1871
"G040","2014-2018",,,"Arizona","04",,,,,,,,,,,,,,,,,,,,,,,,,,,,,,"Arizona",6946685,6946685,4783373,3825886,286614,271946,222477,12523,9177,154750,5011,149739,2163312,1538255,18645,37634,6410,1589,462646,98133,45157,52976,3008707,2632801,2306027,326774,250091,47031,15959,8880,4813,57302,52612,2319,1235,883,253,4477,12538,27178,57910,33773,182728,2825979,72835,273815,372716,436062,435323,206037,414607,88164,118113,221507,133720,53080,2524300,1648126,1200133,447993,138254,309739,876174,689602,186572,4633932,69737,710,896,3815,5991,13724,9556,12742,65142,15961,68009,76200,78493,95350,96676,927855,184696,352036,820125,398147,835120,362611,83023,57317,2524300,1824522,498155,77375,420780,71981,6740,65241,61190,11909,49281,68452,11199,57253,56213,2524300,313003,2211297,29265,5498826,3274526,3256192,3045978,210214,18334,2224300,2970935,2970935,2524300,446635,446635,67734,14859,35847,18339,214929,1152,93775,2970935,54839,81692,730081,600061,529271,501428,220731,163053,44219,45560,1990,1009,209600,"Arizona",0,0,0,1181,2564,1835,2133,512,1298,3960,667,3894,0,9886,1490,2670,942,449,7973,3814,2425,2611,8646,9734,9270,5309,4185,2065,1177,804,473,2125,2087,367,256,215,139,593,773,1363,1756,1344,3178,8898,1473,4031,4484,4814,4824,3570,6036,2442,2421,3431,2832,1845,6840,7057,8008,4804,2900,3967,5604,5275,2991,583,1874,179,210,566,584,967,942,908,2371,887,1824,2009,2342,2714,2342,7247,3265,4682,6328,4241,5125,4658,1868,1782,6840,6297,2774,2109,3346,1887,590,1851,1380,670,1346,1473,568,1324,275,6840,3127,7009,142,1638,8530,8560,9071,3316,797,8591,599,599,6840,7040,7040,2381,1185,1421,1305,4019,220,2438,599,1701,1921,4429,4335,4264,4443,2896,2408,1535,1268,1,4,904
"G050","2014-2018",,,"Arkansas","05",,,,,,,,,,,,,,,,,,,,,,,,,,,,,,"Arkansas",2990671,2990671,2771619,2173849,458536,17342,43441,7877,4641,65933,1297,64636,219052,129025,2434,2695,547,92,74340,9919,6026,3893,1274750,1189092,1055112,133980,100515,20412,7285,3414,2354,4631,4322,50,110,72,77,801,2134,2205,22089,10341,43457,1231293,55440,169607,215732,216440,175100,68064,138980,26865,32094,70461,42158,20352,1152175,764816,558867,205949,52998,152951,387359,327441,59918,1999307,22927,251,383,544,1860,4848,3514,5171,17758,12708,30420,37717,47019,57990,32919,557808,123415,136060,315304,139070,288720,115355,27579,19967,1152175,1067975,56087,14266,41821,12015,938,11077,13531,3561,9970,2567,275,2292,45726,1152175,151953,1000222,25635,2364108,1372359,1368037,1292263,75774,4322,991749,1362040,1362040,1152175,209865,209865,36943,6237,17258,8302,53208,500,87417,1362040,26116,51624,231302,244616,207964,250008,140380,94158,50052,65820,1984,729,123300,"Arkansas",0,0,321,793,1812,977,1080,627,985,2122,323,2061,321,2748,451,634,197,83,3062,1178,919,660,6555,6648,6149,3156,2549,1147,743,579,351,521,516,58,81,53,51,219,341,317,1234,890,1620,6584,1768,2844,3508,3535,2933,1881,2733,1198,1398,1668,1334,1110,4053,4296,4462,3032,1837,2311,3793,3858,1676,967,1080,85,173,178,373,699,476,588,1049,861,1057,1373,1476,2002,1278,5239,2503,2771,4205,2718,4006,2791,1241,1094,4053,3854,1267,964,1278,721,210,702,648,445,593,374,95,358,350,4053,2470,4240,195,1331,6334,6311,6408,2163,416,6302,258,258,4053,3983,3983,1926,637,901,811,1679,179,2134,258,1276,1592,2751,3298,3508,2993,2479,2228,1608,1443,1,4,781
"G060","2014-2018",,,"California","06",,,,,,,,,,,,,,,,,,,,,,,,,,,,,,"California",39148760,39148760,23927183,14695836,2164519,138427,5525439,138911,97763,1166288,51799,1114489,15221577,8833232,103356,158048,78900,14455,5317647,715939,354032,361907,17904213,15039427,13203972,1835455,1350936,279525,111333,56220,37441,910567,588949,22326,210027,78582,10683,25127,60775,180761,474721,192025,1020810,16883403,304818,1287249,2091265,2490499,2394143,1009007,2543384,458056,734197,1507217,1393436,670132,12965435,8915228,6437416,2477812,773046,1704766,4050207,3084533,965674,26218885,701772,6811,10025,36246,84552,172073,108491,146865,769722,124539,310093,492650,349498,481594,680634,4786892,604228,1498152,4083998,2051313,5445781,2222636,627892,422428,12965435,7285584,3340611,654826,2685785,759348,118755,640593,1424539,378658,1045881,155353,27514,127839,71228,12965435,1321440,11643995,35021,31109195,19758291,19630514,18309012,1321502,127777,11350904,14084824,14084824,12965435,1119389,1119389,217600,59317,83128,52890,388227,3312,314915,14084824,152162,230279,1598759,1536758,2135838,2488636,1892586,1900467,849660,1299679,1974,1429,475900,"California",0,0,0,3121,6255,2841,8702,2227,3056,13507,2448,12878,0,26248,4744,5021,3224,1538,34416,14668,9400,8706,22700,23522,18894,14997,10705,5168,2886,2429,1600,6572,5646,1217,3502,2108,786,1559,1987,3703,5255,3866,7531,25283,4537,7823,10320,12194,11527,7641,11577,5733,6623,9613,8427,6583,19785,24043,30928,11008,6430,8349,10913,10227,7678,1095,8948,480,833,1611,2499,2979,3019,3186,10737,2664,5180,6953,5346,6317,6693,27452,6997,16548,21991,11158,19169,15841,6349,5012,19785,19263,8282,6184,9322,5326,2522,4635,6018,4027,6428,2391,1272,2209,217,19785,6770,21594,108,3509,23255,23119,21745,10823,2319,23795,922,922,19785,20059,20059,5499,2346,3166,2499,5591,443,7661,922,2652,3174,6276,6864,7874,8230,8416,8725,6089,6093,1,2,733
"G080","2014-2018",,,"Colorado","08",,,,,,,,,,,,,,,,,,,,,,,,,,,,,,"Colorado",5531141,5531141,4346347,3778212,216732,30131,169556,7480,10352,133884,4472,129412,1184794,877372,11206,24352,3139,816,204465,63444,29839,33605,2822072,2374938,2125477,249461,188180,37939,14344,6301,2697,86516,67401,2557,10676,5583,299,1731,4711,33829,80354,21779,218214,2603858,72557,253648,353163,404695,395031,176495,369921,83519,99547,209482,133529,52271,2113387,1351683,1050035,301648,97891,203757,761704,578532,183172,3748592,35883,431,598,1503,3080,6093,4412,6915,35856,9617,29217,39105,44023,53024,52961,657022,146409,232804,570533,314214,944470,409786,87493,63143,2113387,1733643,245529,39187,206342,67619,6403,61216,46226,10564,35662,20370,4055,16315,68811,2113387,182295,1931092,36415,4409148,3012312,2978700,2839374,139326,33612,1396836,2352202,2352202,2113387,238815,238815,38412,9622,16072,7334,116920,746,49709,2352202,55190,69784,424374,392256,341166,437144,204884,179513,63720,184171,1983,1196,313600,"Colorado",0,0,366,1322,2260,1090,1824,415,1333,3379,652,3285,366,5647,1146,1691,543,310,5122,2853,1758,2279,6790,7132,7967,3907,3411,1850,1186,751,358,2352,2154,419,609,581,130,348,413,1184,2111,1194,2852,7101,2202,3516,4832,4918,4857,2659,4233,1904,2288,3138,2539,1757,4542,6051,7250,4052,2106,3126,5103,4607,2565,950,1583,119,136,348,496,708,690,646,1737,859,1613,1583,1674,1724,1631,6129,2602,3577,4773,3912,5943,4268,1864,1520,4542,6007,2614,1608,2581,1762,497,1648,1015,610,1009,898,574,767,364,4542,2870,5750,167,1623,6150,6229,6507,2465,1267,6162,668,668,4542,4185,4185,1790,971,993,853,1840,203,1744,668,1685,1613,3641,3795,3314,3721,2819,2445,1660,2405,1,5,1077
"G090","2014-2018",,,"Connecticut","09",,,,,,,,,,,,,,,,,,,,,,,,,,,,,,"Connecticut",3581504,3581504,3019713,2418696,351817,5320,157406,752,11421,74301,4821,69480,561791,316184,26445,4378,1411,421,173823,39129,20083,19046,1780653,1535452,1391925,143527,114248,16759,6390,3325,2805,84347,41788,351,2226,39810,172,2505,1284,4895,49525,12079,90566,1690087,43216,158428,250417,267033,261338,112588,213172,49224,63227,117378,97699,56367,1367374,892940,660364,232576,61758,170818,474434,390350,84084,2478708,25659,299,337,1175,2064,4887,5367,7977,18547,8004,26752,27957,36056,35711,35034,591158,79361,129622,286645,190869,538924,309751,74380,42172,1367374,1033442,167242,40272,126970,118457,20980,97477,33890,8033,25857,14343,1852,12491,76106,1367374,177427,1189947,43056,2924591,1944843,1936354,1810445,125909,8489,979748,1512305,1512305,1367374,144931,144931,31889,6426,16808,6544,29855,93,53316,1512305,10251,19181,103632,115459,191306,201360,206299,222628,104394,337795,1964,1156,272700,"Connecticut",0,0,0,1034,1870,598,1395,200,1287,2467,595,2381,0,5137,2189,973,354,181,5287,2184,1485,1684,5383,6331,6347,3578,3003,1105,826,509,444,2121,1828,139,313,1126,69,372,254,495,1834,958,2176,6129,1717,3042,3700,3583,3201,2519,2966,1509,1758,2152,2087,1884,3671,4443,4850,3193,1903,2706,3819,3315,1948,350,1186,102,114,262,424,641,582,834,1239,832,1370,1182,1277,1241,1274,5962,2034,2587,3935,2987,4392,3608,1708,1422,3671,3709,1630,1313,1962,2123,1129,1836,1000,627,960,792,281,788,552,3671,2354,4557,282,1230,5006,4968,5049,2445,480,4962,282,282,3671,3678,3678,1551,614,1208,709,1161,94,2045,282,726,921,2195,1990,2456,2875,3096,3279,1893,3647,1,5,985
"G100","2014-2018",,,"Delaware","10",,,,,,,,,,,,,,,,,,,,,,,,,,,,,,"Delaware",949495,949495,863180,595623,204665,2851,36464,276,1804,21497,692,20805,86315,59282,5227,604,259,201,16230,4512,1886,2626,444908,396966,360365,36601,28510,5055,1376,1044,616,11739,9067,82,319,2196,75,137,433,1328,9518,3154,21633,423275,9094,35938,62199,69660,70184,29287,57695,11312,15008,29173,22943,10782,357765,237901,174333,63568,16416,47152,119864,97487,22377,659979,6867,161,110,229,395,936,653,1000,4123,2190,6210,8197,12535,13701,10175,187042,21515,39834,85352,51522,120794,62275,12399,11764,357765,308768,23725,4703,19022,12504,1523,10981,9448,1890,7558,3320,123,3197,65627,357765,44066,313699,33989,769793,482623,479447,450946,28501,3176,287170,428251,428251,357765,70486,70486,7972,1122,5081,2408,39545,26,14332,428251,10360,16602,80974,68481,58609,51174,44208,42815,19668,35360,1984,1110,244700,"Delaware",0,0,0,324,1116,369,705,73,431,1293,253,1304,0,2174,829,286,149,302,1780,704,400,593,2826,3200,3347,1615,1351,636,264,419,179,855,705,52,127,355,64,78,148,262,731,444,1058,3003,708,1336,1774,2003,1985,1354,1639,761,1063,1397,1083,743,1676,2194,2127,1766,774,1418,2454,2134,979,249,787,94,54,144,153,228,186,264,626,345,679,770,746,943,691,2771,936,1599,2184,1653,1823,1569,817,737,1676,1839,721,467,759,683,241,640,470,264,436,426,75,424,768,1676,1034,1824,382,600,2729,2745,2671,1209,400,2700,178,178,1676,1742,1742,772,298,699,392,917,31,997,178,616,881,1712,1476,1501,1566,1310,1097,817,1087,1,9,1520
"G110","2014-2018",,,"District of Columbia","11",,,,,,,,,,,,,,,,,,,,,,,,,,,,,,"District of Columbia",684498,684498,609722,248057,315281,1314,26278,280,2648,15864,760,15104,74776,32412,6036,679,440,60,30870,4279,1871,2408,366168,144993,125462,19531,14271,3310,1039,576,335,127530,50181,712,75595,1000,42,3131,557,16350,48047,3155,22405,343763,4040,14137,25533,39756,52016,26971,69168,18121,22763,41146,23228,6884,281322,121788,71726,50062,9811,40251,159534,124201,35333,486981,5399,144,19,355,512,1248,852,1497,3257,1730,3973,5531,6759,8912,5617,70723,12849,16914,45704,14637,118817,100571,40220,20741,281322,226884,24771,5876,18895,16481,1216,15265,6434,1431,5003,6752,1428,5324,82604,281322,41172,240150,53321,573275,401740,398567,369194,29373,3173,171535,311545,311545,281322,30223,30223,10492,1822,1905,1352,3490,0,11162,311545,8053,9946,26453,9258,13518,23356,36000,39749,36548,108664,1953,1487,568400,"District of Columbia",0,0,0,358,1027,186,594,75,621,1026,208,1001,0,1904,1001,464,180,47,1879,765,507,519,2437,2469,2329,1130,963,527,250,223,172,2737,2026,219,2042,185,49,414,182,989,1713,460,1116,2572,537,976,1245,1421,1793,1155,2125,991,1161,1578,1101,586,1459,1584,1313,1053,605,978,1670,1791,1029,106,700,78,26,185,245,401,268,355,519,331,542,611,526,723,527,1900,845,983,1640,950,2133,1931,1436,1143,1459,1506,782,513,819,813,287,766,405,288,440,500,284,457,1081,1459,1230,1942,647,457,2377,2430,2358,1256,311,2357,136,136,1459,1425,1425,852,439,368,308,505,29,776,136,504,637,977,636,823,930,1106,1318,1209,1525,1,16,7984
"G120","2014-2018",,,"Florida","12",,,,,,,,,,,,,,,,,,,,,,,,,,,,,,"Florida",20598139,20598139,15413419,11196857,3167011,41776,548642,10770,68744,379619,24067,355552,5184720,4332241,149365,16342,10526,2117,511408,162721,68455,94266,9140393,8096487,7255390,841097,645120,118199,43685,21406,12687,176146,157889,1289,9586,6519,863,16176,24884,58229,129987,103965,534519,8605874,150310,615600,1010012,1286170,1369532,583736,1446327,289694,367507,787369,503680,195937,7621760,4917841,3560518,1357323,370231,987092,2703919,2188759,515160,14686727,217948,4133,3079,8925,17094,38446,32368,47359,147540,65779,141153,211071,251295,269658,313641,3616947,614731,941022,2022451,1438630,2721635,1081844,310270,169708,7621760,5425108,1556768,412810,1143958,449760,77619,372141,133682,26423,107259,56442,7394,49048,53267,7621760,1122809,6498951,30197,16932309,9931799,9876910,9253932,622978,54889,7000510,9348689,9348689,7621760,1726929,1726929,249404,46992,119137,61949,908457,3906,337084,9348689,182026,230396,1841784,1601928,1907366,1671892,856245,662846,192250,201956,1986,1128,196800,"Florida",0,0,0,3346,6159,1520,3109,846,3694,8121,2149,8129,0,11874,5662,1744,1048,463,10442,5709,3725,4346,18857,19602,17096,11178,8571,3931,2130,1490,1168,4470,4450,298,830,713,248,1262,1225,2193,3016,3089,7046,18959,3401,7271,7556,9574,9167,6806,10975,4826,4998,8036,5872,3899,23468,23203,23030,7861,5108,6220,12480,11767,5314,1719,4572,471,415,846,1474,2025,1416,1962,4138,2392,3589,5061,4425,4356,5814,27717,6830,11230,12242,11342,16901,10439,4675,3522,23468,18740,7638,4334,8442,4614,1797,4608,2663,1072,2447,1663,566,1636,181,23468,7270,22410,135,3606,18122,17583,18237,6448,1825,18011,789,789,23468,23836,23836,5799,2165,4134,2487,10489,481,7393,789,3370,3896,8017,8216,7937,8630,5746,4986,2511,2832,1,3,552
"G130","2014-2018",,,"Georgia","13",,,,,,,,,,,,,,,,,,,,,,,,,,,,,,"Georgia",10297484,10297484,9329021,5476441,3195363,18416,399223,5070,30394,204114,9209,194905,968463,603535,43937,15068,3278,1025,253286,48334,26652,21682,4667378,4165302,3708394,456908,342977,66096,26056,12648,9131,99181,71421,795,23545,3093,327,12680,4866,10723,69380,50744,254502,4412876,92060,339011,558010,666047,632434,268468,632503,142381,173482,433254,341463,133763,3709488,2501768,1768511,733257,175248,558009,1207720,997979,209741,6786547,91231,1168,1421,3217,6428,14534,11356,17939,65172,34640,77650,121890,165149,172468,119651,1566284,323848,379243,1014998,518144,1282947,564866,142787,89516,3709488,3191171,270917,64545,206372,116710,12927,103783,91379,23913,67466,39311,5521,33790,55679,3709488,522210,3187278,29523,8082220,5091132,5043919,4721065,322854,47213,2991088,4241003,4241003,3709488,531515,531515,104455,22625,48158,17454,100207,817,237799,4241003,77777,112610,930687,887553,718252,586546,374702,256915,116536,179425,1988,968,166800,"Georgia",0,0,561,1796,4327,867,2451,777,2625,5601,1130,5360,561,5462,2546,2148,578,382,5469,2626,1880,1979,11149,13179,12077,6661,5696,2571,1519,972,947,2974,2463,218,1343,548,137,1273,613,826,2369,2188,4149,11873,2881,5306,5741,6394,6870,4269,6390,2820,3472,5585,5779,2802,9402,10024,11014,5631,3319,4728,6444,6784,3236,2032,2794,240,339,541,832,1123,998,1264,2790,1345,2424,3100,3635,3885,3015,13509,4142,6229,9374,5662,9797,7175,2869,2103,9402,8701,3150,1912,3326,2596,874,2278,1569,1064,1517,1812,637,1663,243,9402,5101,10104,140,2829,11115,11058,11269,4767,1731,10719,721,721,9402,9840,9840,3326,1348,2246,1190,2198,210,5047,721,2197,2851,6232,6770,5842,6039,3915,3138,2290,2612,1,3,443
"G150","2014-2018",,,"Hawaii","15",,,,,,,,,,,,,,,,,,,,,,,,,,,,,,"Hawaii",1422029,1422029,1274067,314536,24472,1877,522731,132583,1591,276277,1600,274677,147962,41076,1794,1110,14111,10691,13701,65479,8205,57274,700228,566883,468932,97951,71338,16234,6340,3150,889,45326,44999,53,168,45,61,540,4379,5956,31742,12050,33352,666876,15096,61007,85423,94244,91635,34648,110896,16227,28674,61446,49515,18065,456782,319069,237269,81800,26023,55777,137713,108906,28807,988367,10953,143,303,456,1322,2147,1690,1835,8965,2793,6791,8148,11875,10850,12425,251280,22353,55742,152114,105186,212053,72121,22668,14154,456782,308953,14506,924,13582,9174,745,8429,120031,25568,94463,4118,403,3715,78084,456782,54573,402209,34035,1147445,749527,709482,677446,32036,40045,397918,539053,539053,456782,82271,82271,20298,2183,3564,1869,35108,316,18933,539053,6433,14041,72596,75570,83501,123094,79054,46569,19286,18909,1979,1566,587700,"Hawaii",0,0,0,292,823,287,4215,2094,346,4550,309,4557,0,2227,350,247,1356,972,1541,2225,812,2224,3508,3464,3457,2462,2112,1094,679,506,249,1472,1474,50,98,36,43,158,419,561,1304,978,1374,3613,986,1796,1950,2138,1970,1349,2359,929,1206,1693,1417,885,2081,2269,2462,1755,951,1465,2144,1964,964,124,834,75,122,166,310,369,349,287,728,379,600,772,897,721,734,3629,1012,1687,2721,2093,3445,1750,940,758,2081,2487,753,215,731,651,185,611,1785,1031,1653,537,142,546,607,2081,1379,2417,238,656,2913,3032,3469,1177,902,2946,324,324,2081,1957,1957,917,373,471,352,1330,158,1187,324,570,799,1539,1641,1749,1807,1502,1231,831,843,1,14,3490
"G160","2014-2018",,,"Idaho","16",,,,,,,,,,,,,,,,,,,,,,,,,,,,,,"Idaho",1687809,1687809,1478736,1387654,10739,18775,22809,2348,1038,35373,861,34512,209073,139608,797,4015,949,413,52072,11219,6047,5172,757408,670856,595426,75430,56894,10506,4768,2031,1231,5418,5201,36,64,63,54,410,2036,7214,19434,6034,46006,711402,38772,109304,127639,125622,99510,39941,73855,14214,15853,33692,20637,12363,618331,418688,335422,83266,26870,56396,199643,163549,36094,1089266,10670,366,125,467,835,2095,1701,1698,8934,2692,8590,11422,15485,19551,18060,242641,59219,93908,193205,104333,198648,65700,15775,13146,618331,547048,48980,9369,39611,11640,1061,10579,6948,1146,5802,3715,729,2986,53089,618331,70443,547888,26772,1298537,810430,806373,768701,37672,4057,488107,711731,711731,618331,93400,93400,10911,2488,7621,4449,49311,784,17836,711731,18754,23860,150581,131399,77565,131038,44753,45785,28592,59404,1986,825,192300,"Idaho",0,0,151,351,752,741,927,333,257,1686,302,1626,151,3033,297,734,290,186,2762,1263,887,784,3243,3537,3586,2675,2315,871,744,469,266,498,488,31,60,64,46,162,322,649,964,556,1544,3389,1612,2550,3019,2572,2340,1902,2615,1076,1004,1690,1180,816,2254,3035,3475,2074,1257,1621,2602,2381,1437,826,815,191,56,157,223,475,362,346,758,567,624,858,994,1068,996,3706,1749,2526,3517,2403,3265,1953,988,784,2254,2536,1302,673,1343,746,282,666,473,245,506,441,215,383,400,2254,1594,2802,267,1059,3121,3134,3360,1646,469,3019,286,286,2254,2122,2122,886,493,758,604,1290,190,1145,286,932,1170,2644,2649,1809,2156,1429,1433,909,1515,1,6,1482
"G170","2014-2018",,,"Illinois","17",,,,,,,,,,,,,,,,,,,,,,,,,,,,,,"Illinois",12821497,12821497,10646655,7894286,1796057,15037,685343,3088,20105,232739,11627,221112,2174842,1294899,28068,16827,5479,1494,742401,85674,51239,34435,6124144,4962939,4476231,486708,375334,68689,23962,11343,7380,578636,229402,2973,199271,146470,520,15651,5379,39586,182578,48646,290729,5833415,158258,532398,701588,750699,736057,354523,808989,197786,291404,614842,514131,172740,4830038,3117333,2300306,817027,221315,595712,1712705,1417008,295697,8682343,110053,1540,1499,3765,9409,19267,15338,21906,108617,25058,116044,96288,130607,153866,151330,1955687,311848,568857,1230951,692622,1801833,847698,194142,114118,4830038,3756181,554096,107270,446826,312902,65196,247706,154137,35637,118500,52722,9945,42777,63575,4830038,661803,4168235,34463,10234674,6679997,6663103,6225964,437139,16894,3554677,5347268,5347268,4830038,517230,517230,113418,19960,63102,29806,53022,467,237455,5347268,38500,72291,592285,588244,478474,772176,624961,681255,336268,1162814,1968,984,187200,"Illinois",0,0,292,1461,3855,817,2738,386,1493,4293,1055,4637,292,10472,2243,1804,839,374,10880,3576,2968,1856,11844,13372,12227,6788,5259,2504,1433,887,614,4877,3614,458,2757,2954,140,987,478,1521,3531,1708,3498,13233,2438,5096,5572,5375,5715,4509,6199,3046,3369,5803,4980,3030,9750,10480,11885,5816,3533,4990,7059,6673,3393,1159,2579,275,255,436,826,1067,927,1219,2594,1119,2936,2368,2719,2994,2923,12892,3468,6504,8682,5940,11249,7625,3061,2441,9750,10092,3563,2148,3491,3285,1710,2956,2004,1345,1689,1687,737,1491,187,9750,5282,11790,135,2318,11036,10996,11788,4998,886,10716,727,727,9750,9935,9935,3541,1266,2720,1441,1651,179,4999,727,1473,1693,4963,4291,4354,5131,5147,4120,3803,6153,1,3,530
"G180","2014-2018",,,"Indiana","18",,,,,,,,,,,,,,,,,,,,,,,,,,,,,,"Indiana",6637426,6637426,6187159,5275162,610343,12125,143883,2133,9793,133720,3794,129926,450267,273115,9129,2800,1108,685,134855,28575,17093,11482,3107072,2851074,2578594,272480,213520,33103,12153,8091,5613,31522,24684,457,1563,4469,349,2346,3459,12793,64980,24295,116603,2990469,102192,352424,459694,494060,443667,207656,361344,94515,105723,195976,118627,54591,2553818,1668393,1238730,429663,122762,306901,885425,726648,158777,4399815,40742,717,647,1364,2183,4799,4687,5432,23220,12104,68745,67275,97514,101520,71675,1248789,227142,293011,605831,382510,727108,304487,62892,45421,2553818,2326631,118643,23645,94998,59076,7140,51936,36870,10433,26437,12598,2206,10392,54325,2553818,284689,2269129,28461,5243518,3348477,3345383,3164414,180969,3094,1895041,2870670,2870670,2553818,316852,316852,63479,15760,30984,20101,47251,374,138903,2870670,37265,66150,358133,423886,287418,403512,316856,313891,167577,495982,1973,807,135400,"Indiana",0,0,166,898,3214,764,1769,239,982,3846,516,3833,166,4227,1063,599,303,339,3967,1879,1367,1293,7703,8271,8392,4320,4024,1502,770,616,606,1312,1175,195,317,445,136,412,319,972,1703,1080,2519,7595,2274,4867,4401,4265,4759,3028,4182,2321,2458,2974,2216,1883,7375,7212,8363,4474,2282,3550,5005,5428,2491,1215,1476,193,153,255,328,548,623,627,1365,818,2002,2192,2283,2582,1713,7905,3193,4207,4816,3879,6494,3934,1831,1621,7375,6558,1614,974,1702,1582,682,1321,1186,771,1199,795,356,722,230,7375,3408,8696,132,1899,6883,6880,7526,2815,479,7003,453,453,7375,7125,7125,2620,1273,1593,1165,1514,186,3402,453,1575,1368,4227,4135,3394,3992,3585,3213,2993,3475,2,4,429
"G190","2014-2018",,,"Iowa","19",,,,,,,,,,,,,,,,,,,,,,,,,,,,,,"Iowa",3132499,3132499,2949203,2695888,107471,9067,74640,2863,2806,56468,633,55835,183296,132001,2440,2482,443,266,36362,9302,4497,4805,1583271,1416582,1285034,131548,101329,17458,6453,4226,2082,17435,16984,112,72,32,235,1243,2417,7766,51801,10755,75272,1507999,100718,262846,275199,260815,210243,89947,133787,30880,31699,59863,32105,19897,1256855,800510,634021,166489,53290,113199,456345,367268,89077,2081373,16321,489,313,380,1125,2320,1431,2308,9044,4117,27634,18838,25678,32960,23751,565437,82700,152796,288291,238423,395820,132751,33970,24476,1256855,1153194,50384,10970,39414,24398,3235,21163,20435,6455,13980,8444,2622,5822,58580,1256855,141963,1114892,31085,2484354,1676339,1674697,1609481,65216,1642,808015,1386722,1386722,1256855,129867,129867,25479,5729,13482,7275,23000,348,54554,1386722,22816,40170,158500,147699,102544,201409,144415,140023,72207,356939,1969,766,142300,"Iowa",0,0,221,609,1631,611,1145,320,696,1934,185,1950,221,2195,565,443,127,101,1981,1077,629,834,4647,5192,5433,2733,2374,1068,499,483,308,1051,1043,60,41,26,118,234,286,517,1437,717,1709,4944,1992,3532,3380,3109,3014,1727,2433,1017,1023,1585,1085,796,4146,3560,4198,2589,1490,2114,3148,3132,1719,894,900,151,135,113,262,420,274,305,701,477,998,868,982,1212,956,3912,1697,2490,3050,2603,4038,2474,1353,1157,4146,4272,927,600,1011,1045,440,884,746,509,745,561,377,459,313,4146,2472,4781,190,1190,4422,4399,4666,1805,256,4350,687,687,4146,3763,3763,1504,650,858,755,959,165,1917,687,996,1338,2361,2212,2306,2111,2106,2074,1412,2338,1,5,518
"G200","2014-2018",,,"Kansas","20",,,,,,,,,,,,,,,,,,,,,,,,,,,,,,"Kansas",2908776,2908776,2568160,2214543,163713,19504,82887,1827,2302,83384,1092,82292,340616,246076,6088,4546,644,316,65286,17660,8306,9354,1422992,1299825,1169866,129959,97932,18831,6939,4206,2051,6898,6397,112,130,39,220,730,2557,5119,33452,11029,63382,1359610,82823,223282,245307,239390,199466,80803,133616,28763,29635,52001,28560,15964,1124549,731657,571526,160131,49491,110640,392892,325708,67184,1894675,16970,383,330,718,1476,2793,2235,2326,13976,5295,22710,21071,26026,33295,26115,415835,76984,152303,289742,161016,394462,168742,36091,23781,1124549,992630,80359,18599,61760,21695,2487,19208,22449,5916,16533,7416,1345,6071,57422,1124549,96562,1027987,30757,2272565,1511705,1493698,1428660,65038,18007,760860,1266378,1266378,1124549,141829,141829,32810,5691,13703,7715,15499,323,66088,1266378,16165,28892,145268,163501,146482,191079,130731,161700,72120,210440,1973,831,145400,"Kansas",0,0,52,442,1723,773,1288,265,441,2435,248,2405,49,3163,922,756,259,171,2996,1163,885,996,4746,4630,5106,3097,2719,1101,611,575,334,699,671,68,64,36,95,246,351,526,1292,795,1557,4673,2013,3154,3079,3268,3625,1808,2565,1273,1155,1629,1096,792,4096,3633,4095,2696,1513,2161,2898,2912,1683,984,1071,117,100,149,335,362,336,309,976,492,1106,1073,1082,1456,1039,4020,1646,2530,3382,2885,4416,2725,1278,1015,4096,3911,1584,1021,1513,946,312,859,810,466,729,485,265,469,337,4096,1899,4567,189,1193,4184,4262,4737,1906,757,4218,484,484,4096,3790,3790,1615,547,949,702,914,113,1903,484,902,989,2002,2069,2110,2447,2364,1889,1495,2145,1,5,806
"G210","2014-2018",,,"Kentucky","21",,,,,,,,,,,,,,,,,,,,,,,,,,,,,,"Kentucky",4440204,4440204,4281460,3764082,349407,8498,62432,2339,6057,88645,1732,86913,158744,102594,4705,1390,370,475,38029,11181,6294,4887,1929677,1769353,1584648,184705,146314,23389,7997,4640,2365,20400,19943,127,82,95,153,1198,1741,3692,42943,20648,69702,1859975,68517,212720,285494,318450,286398,125738,230482,52706,57419,116693,69620,35738,1728681,1135709,836598,299111,82763,216348,592972,491997,100975,3004004,32771,298,485,1087,1984,4879,4312,7057,17086,18828,86211,63815,76936,71826,41998,787966,203825,199735,428500,244802,415937,211163,53145,29358,1728681,1625197,49230,11594,37636,28456,3855,24601,17147,4657,12490,8651,2013,6638,48392,1728681,270877,1457804,26948,3542792,2101888,2087800,1959442,128358,14088,1440904,1974406,1974406,1728681,245725,245725,36616,9054,19428,13601,40560,524,125942,1974406,28068,54592,295558,339163,249558,328558,214429,182296,89804,192380,1979,741,135300,"Kentucky",0,0,523,933,2370,603,1144,272,901,2747,268,2703,523,2705,731,447,126,351,2588,909,776,667,6494,7039,7245,3460,3236,1200,660,607,366,1030,999,72,58,60,76,246,283,427,1455,1183,1820,6728,1995,4134,3993,3890,3188,2458,3178,1670,1554,2309,1863,1230,5065,4851,5899,3571,2280,3039,4575,4589,2177,1403,1364,94,148,266,318,499,514,602,963,1078,1815,1974,2182,2105,1297,5901,2896,2804,5786,3555,4593,3171,1382,1167,5065,5141,1064,701,1087,1058,444,1001,706,487,706,755,286,649,291,5065,2971,5833,151,1660,5389,5269,6059,2663,633,5369,449,449,5065,5249,5249,1705,873,1082,933,1357,155,3436,449,1144,1691,3256,3671,2627,3544,2679,2488,1755,2255,1,4,551
"G220","2014-2018",,,"Louisiana","22",,,,,,,,,,,,,,,,,,,,,,,,,,,,,,"Louisiana",4663616,4663616,4428696,2744265,1492230,24014,79137,1154,8905,78991,2194,76797,234920,156841,10686,2258,735,314,51514,12572,6664,5908,2007599,1847379,1660274,187105,139278,28876,11098,4510,3343,25582,23711,1304,234,107,226,1948,2486,10474,36198,23242,60290,1947309,59947,205336,288688,332899,294958,110821,269572,46425,52076,130187,97327,59073,1736021,1113951,751595,362356,88389,273967,622070,524332,97738,3107941,36825,570,327,1642,1870,6373,4741,8940,22908,24783,49239,64539,93018,102798,53387,889374,166394,169443,486729,186448,483170,173858,51432,29133,1736021,1554142,71875,19813,52062,81300,6453,74847,21904,6100,15804,6800,996,5804,47942,1736021,278183,1457838,27027,3677980,2197041,2180965,2031115,149850,16076,1480939,2045554,2045554,1736021,309533,309533,57495,10558,20872,13994,57359,1986,147269,2045554,36725,76787,308309,259072,298995,376736,262543,198668,89220,138499,1979,850,157800,"Louisiana",0,0,422,935,2611,909,1104,234,1044,3119,439,3073,422,2875,1353,394,327,167,2733,1260,945,916,6988,7316,8018,3975,3222,1860,1121,585,422,1394,1403,214,109,79,112,359,394,776,1823,1264,1960,7133,2127,3348,4042,4508,4249,3065,3840,1859,1931,3002,2251,2114,5617,6866,6054,4367,2418,3558,4899,4564,2255,1238,1567,185,134,279,352,694,447,765,1140,1384,1788,1996,2669,2791,1896,7216,3036,3342,5320,3993,6650,3716,1803,1117,5617,5567,1383,1009,1422,1819,507,1850,818,543,761,610,272,565,363,5617,3306,6100,183,1673,7058,7041,7130,2864,774,7351,331,331,5617,5481,5481,2264,899,1140,892,1847,394,3703,331,1477,1975,4018,4027,3903,4144,3188,2822,1960,2214,1,4,675
"G230","2014-2018",,,"Maine","23",,,,,,,,,,,,,,,,,,,,,,,,,,,,,,"Maine",1332813,1332813,1311392,1244525,16990,7722,14814,258,843,26240,379,25861,21421,14692,891,580,103,60,2127,2968,918,2050,651799,574444,511466,62978,51040,7023,2159,1097,1659,4159,3384,49,132,179,415,1561,927,2729,25602,4852,37525,614274,28813,77791,93367,93495,83180,40953,70234,20003,21702,45652,25669,13415,556955,347959,272403,75556,24867,50689,208996,163114,45882,967897,5409,199,93,147,162,375,527,902,1790,2733,14094,10002,14335,13563,10095,260693,47320,59404,130205,96570,190172,78014,18281,12812,556955,508224,6976,499,6477,33126,3245,29881,5054,926,4128,3575,785,2790,55425,556955,83988,472967,31253,1109357,699180,697391,665188,32203,1789,410177,739077,739077,556955,182122,182122,10857,2466,7448,2528,129227,237,29359,739077,7014,15312,97931,90350,105485,102982,52990,53031,35491,178491,1975,831,184500,"Maine",0,0,0,306,714,457,523,103,277,919,149,892,0,563,272,220,58,59,396,458,274,446,3123,2718,2882,1880,1578,616,311,267,320,469,441,30,84,77,106,405,190,400,1028,479,1004,2946,1118,1887,2392,1819,1904,1362,1755,962,1031,1255,1031,693,2215,2274,2225,1629,877,1346,2375,2179,1386,417,461,91,49,76,76,146,143,186,353,374,744,560,868,1005,654,2444,1352,1334,2398,1968,2257,1873,908,691,2215,2391,476,153,459,1060,344,1026,393,190,409,367,195,309,588,2215,1701,2699,280,695,2835,2806,2989,1205,283,2958,417,417,2215,2060,2060,951,379,639,349,1676,107,1261,417,535,876,1736,1639,1495,2023,1305,1391,1270,2046,1,8,1127
"G240","2014-2018",,,"Maryland","24",,,,,,,,,,,,,,,,,,,,,,,,,,,,,,"Maryland",6003435,6003435,5414523,3084868,1759438,10949,371981,2265,19368,165654,7236,158418,588912,288313,28652,4695,2296,794,230447,33715,16715,17000,3021967,2506407,2233034,273373,208320,37430,14112,8789,4722,258397,122601,1602,111886,21835,473,7710,2553,10199,70350,23926,142425,2879542,44766,165800,271383,351856,368368,177427,429585,112312,157249,350865,320995,128936,2192518,1466554,1053860,412694,105838,306856,725964,591551,134413,4114858,49217,1085,1082,2027,4674,9076,6694,9897,30944,15136,34291,49308,63545,66849,65932,894293,127554,244463,534708,273518,877641,522662,124561,105701,2192518,1778807,155477,31629,123848,117037,13483,103554,89530,19221,70309,51667,5385,46282,81868,2192518,245670,1946848,40517,4809210,3261655,3232422,3051333,181089,29233,1547555,2437740,2437740,2192518,245222,245222,48476,8519,25716,7400,59900,211,95000,2437740,34781,61091,284800,353275,375013,346824,281477,279614,129309,291556,1977,1357,305500,"Maryland",0,0,0,1270,3235,678,2153,286,1778,3752,961,3673,0,5586,1972,872,469,364,5998,2168,1425,1348,6485,7636,7075,4234,3508,1650,884,930,469,3596,2839,315,2208,975,123,776,331,618,2067,1383,2607,6712,1494,3106,3183,4266,4477,3283,4476,2278,2757,3867,4166,2913,5412,6220,6639,3519,2110,3164,4501,3961,2233,587,1737,210,263,411,603,894,702,738,1745,1084,1459,1706,2107,2011,1752,7325,2935,3502,5568,3589,6053,5038,2581,2490,5412,5414,1864,1214,2060,1820,833,1701,1651,873,1597,1608,628,1455,431,5412,3199,6358,189,1461,6524,6256,6255,2853,1092,6416,419,419,5412,5268,5268,2238,870,1462,768,1150,132,2844,419,1194,1375,2745,3096,3908,3220,3193,2745,2408,2721,1,4,1064
"G250","2014-2018",,,"Massachusetts","25",,,,,,,,,,,,,,,,,,,,,,,,,,,,,,"Massachusetts",6830193,6830193,6041066,4930412,463796,8890,440336,1698,53268,142666,14354,128312,789127,429594,46762,5603,2238,631,231472,72827,19047,53780,3500223,2721039,2458064,262975,205921,33260,12026,6842,4926,358143,118713,7175,168360,60504,3391,8352,2932,29651,171603,32469,176034,3324189,77666,274638,392207,436653,423802,193128,470159,112395,162745,354991,314912,110893,2601914,1651808,1224142,427666,109720,317946,950106,743506,206600,4748795,68153,842,1099,2469,5147,10665,17179,14989,28556,16803,48303,49215,62015,60121,68804,1019399,131447,228477,512307,365103,1128877,637628,141903,129294,2601914,1942634,236293,62908,173385,274420,50933,223487,110083,32098,77985,38484,7036,31448,77378,2601914,333410,2268504,41794,5619991,3778642,3773721,3570257,203464,4921,1841349,2882739,2882739,2601914,280825,280825,39087,12769,16817,13404,127508,84,71156,2882739,28794,45461,205600,221764,311967,334982,296110,323751,161272,953038,1960,1225,366800,"Massachusetts",0,0,320,2445,2882,709,2121,364,3281,3762,1346,3581,320,6443,2885,982,424,211,6043,3413,1466,3302,8983,9285,9516,4858,4437,1774,972,756,519,4211,3159,690,3215,1666,371,698,455,1321,3058,1575,2721,9680,2058,3550,4978,4825,4401,2849,5134,2760,2729,4538,4076,2263,4637,5930,7624,4464,2691,3844,5256,4550,3096,565,2335,209,249,409,666,731,1194,1103,1454,953,1910,1635,1663,1818,1971,8635,2857,3216,5518,4355,7712,5760,2599,2915,4637,5421,2549,1915,2658,3955,1628,3314,1533,1207,1472,1360,572,1184,425,4637,3380,5691,203,1584,7697,7790,8657,3666,478,7792,709,709,4637,5088,5088,2033,959,1190,1120,2388,65,2393,709,1243,1402,2911,3084,3597,3696,3686,3528,2627,5160,1,6,1044
"G260","2014-2018",,,"Michigan","26",,,,,,,,,,,,,,,,,,,,,,,,,,,,,,"Michigan",9957488,9957488,9459591,7489371,1360345,45772,303059,2464,14334,244246,6635,237611,497897,329217,15079,7463,1344,515,104807,39472,18945,20527,4504994,4110477,3714050,396427,309901,52093,19241,9753,5439,61568,59491,427,845,336,469,5082,4067,19549,101150,28104,174997,4329997,133178,463123,630779,696900,659652,308878,535625,138413,170975,320022,192296,80156,3909509,2514380,1851321,663059,185523,477536,1395129,1146430,248699,6772215,72034,1177,1279,1349,3087,5549,5225,9598,24173,14817,61922,70754,122941,140989,106642,1695208,271601,515266,1074799,636753,1179677,559642,118563,79170,3909509,3511998,124798,18232,106566,131951,17519,114432,70758,16381,54377,70004,15924,54080,54938,3909509,574471,3335038,30336,8027949,4923316,4919495,4598487,321008,3821,3104633,4580939,4580939,3909509,671430,671430,62902,15809,46792,26461,290711,1977,226778,4580939,36909,54480,453004,604698,454292,704492,546353,687047,355865,683799,1970,850,146200,"Michigan",0,0,71,1062,3492,1315,1909,351,1208,4439,675,4324,71,4022,1292,962,243,145,3985,1982,1327,1309,9085,8819,8490,4658,3959,1764,1064,761,499,1815,1811,140,217,94,144,543,392,919,1945,1106,2632,8801,2333,3739,4619,5182,4910,3292,4480,2608,2981,3660,2845,1858,9207,7888,9502,4664,2669,4094,5365,5600,2818,832,1885,213,209,285,403,513,477,608,1111,762,1943,1940,2721,2758,2021,9064,2940,5544,6905,4629,6732,5669,2087,1713,9207,9560,1860,928,1823,2027,847,1831,1381,804,1109,1661,889,1421,166,9207,4340,11246,121,1878,8082,8079,8551,3957,349,7999,932,932,9207,8535,8535,2230,1059,2036,1200,2795,222,3956,932,1178,1156,3372,3922,3788,3981,4326,3934,3137,4332,1,2,431
"G270","2014-2018",,,"Minnesota","27",,,,,,,,,,,,,,,,,,,,,,,,,,,,,,"Minnesota",5527358,5527358,5234594,4438071,336505,53168,260797,1799,7021,137233,3286,133947,292764,167973,5681,5814,1562,388,90812,20534,10023,10511,2879806,2488145,2243581,244564,188406,32398,12849,7018,3893,103390,93750,1918,4242,3216,264,2632,4209,22023,78319,18148,162940,2716866,100087,330114,396501,424117,402565,199727,341844,87285,103350,182483,104096,44697,2167801,1395514,1103647,291867,93217,198650,772287,615196,157091,3731762,44273,567,595,1100,1824,3322,2949,3187,13042,5481,32902,24429,36412,45475,46843,814573,115485,250536,541561,424424,871363,315403,81713,54303,2167801,1914648,79314,15481,63833,58920,6721,52199,63498,14392,49106,51421,15429,35992,68411,2167801,196875,1970926,36245,4379008,3053005,3050676,2931458,119218,2329,1326003,2420473,2420473,2167801,252672,252672,27318,8642,16423,7711,137581,321,54676,2420473,35499,55253,348694,327325,311737,361333,233682,241675,108607,396668,1976,944,211800,"Minnesota",0,0,77,845,2742,1023,1627,292,905,3436,578,3339,77,3385,904,655,388,142,3448,1228,866,1005,6384,6475,6287,3504,2785,1323,775,564,542,2077,2155,261,470,329,90,386,398,923,1742,820,2844,6105,1907,3256,3436,3642,3499,2815,3546,1799,1753,2602,1875,1243,5845,6100,7210,2991,1834,2645,4306,3963,2074,817,1489,141,184,249,310,454,354,462,775,579,1235,1034,1179,1278,1346,5744,1781,2764,4126,3569,5927,3446,2138,1282,5845,5956,1363,867,1447,1608,602,1492,1118,648,1096,1265,1032,1290,276,5845,2442,7048,166,1133,5414,5352,5963,2591,357,5349,2249,2249,5845,3911,3911,1410,704,1007,695,1556,131,1880,2249,1079,1169,2646,3127,2662,3166,2672,2440,1627,2734,1,4,547
"G280","2014-2018",,,"Mississippi","28",,,,,,,,,,,,,,,,,,,,,,,,,,,,,,"Mississippi",2988762,2988762,2898269,1696952,1121752,12990,28170,654,2858,34893,856,34037,90493,54241,4082,699,143,53,25975,5300,2694,2606,1215697,1148639,1037238,111401,84813,16159,5263,2628,2538,3393,3136,37,27,34,159,522,1104,1233,17028,15999,27779,1187918,38034,133572,186904,198386,174203,72979,163893,30488,33793,74948,49064,31654,1105576,740268,491943,248325,53350,194975,365308,317826,47482,1967314,25771,316,379,696,1682,3578,3735,5285,14309,14786,35278,43121,59762,68510,39137,474505,122059,116918,323976,184334,266274,116055,27736,19112,1105576,1055610,29241,5813,23428,8700,840,7860,8286,1986,6300,3739,298,3441,43567,1105576,186863,918713,23434,2350291,1349340,1338573,1228537,110036,10767,1000951,1316108,1316108,1105576,210532,210532,37625,5503,15771,7384,42981,774,100494,1316108,20546,43114,228952,230982,194186,244340,151893,97738,44847,59510,1983,762,114500,"Mississippi",0,0,722,439,2388,656,816,198,636,2249,275,2263,722,1963,809,250,103,47,1666,701,465,589,6668,6650,6780,2705,2450,1139,546,419,420,477,455,31,42,38,100,178,266,287,860,1034,1254,6626,1552,3087,3790,3436,3082,2336,3263,1488,1555,2421,2068,1522,4591,4546,4323,3182,1957,2714,3706,3722,1600,1317,1227,128,150,285,323,420,388,663,822,941,1433,1605,1936,2243,1333,6022,2652,2869,4388,2841,3998,2724,1256,991,4591,4711,1083,595,1100,722,218,701,535,319,516,395,105,377,395,4591,3132,4484,187,1237,6497,6393,6579,2962,757,6486,346,346,4591,4717,4717,1631,653,1096,804,1853,244,2734,346,1041,1548,3207,2897,2778,3056,2467,2205,1324,1673,1,5,1016
"G290","2014-2018",,,"Missouri","29",,,,,,,,,,,,,,,,,,,,,,,,,,,,,,"Missouri",6090062,6090062,5840957,4848330,699730,23566,115311,6037,9826,138157,2862,135295,249105,160012,5166,3386,1409,625,61336,17171,8502,8669,2855663,2588131,2338107,250024,197852,30070,12789,5774,3539,40311,36497,447,2559,635,173,2536,3338,6147,55495,21955,137750,2717913,95665,314622,389761,440979,416209,186036,364252,85474,95942,186849,94844,47280,2396271,1540575,1152270,388305,107055,281250,855696,702904,152792,4124838,33534,542,679,691,1243,2787,2696,4851,12753,9501,65092,53296,87790,95141,59933,1076664,189766,298310,624735,323751,729543,329182,72419,49939,2396271,2231302,67753,10613,57140,50080,5442,44638,33504,8272,25232,13632,2848,10784,53560,2396271,291283,2104988,29537,4864065,3062496,3044052,2888094,155958,18444,1801569,2775635,2775635,2396271,379364,379364,57916,11109,30202,14433,95841,392,169471,2775635,34492,65982,378096,403112,336024,433433,316974,285885,133539,388098,1976,809,151600,"Missouri",0,0,258,1169,2562,991,1398,655,1373,3173,567,3077,258,2986,727,581,338,247,2632,1309,979,963,7320,8198,7930,3872,3513,1377,1074,586,406,1817,1725,138,407,159,74,445,396,491,1921,1189,2558,7902,2488,4085,4482,5208,4889,3099,4086,1907,2339,2794,2003,1614,6753,6545,7526,4490,2432,3261,5386,5381,2702,1462,1200,142,169,204,224,415,392,560,912,620,1527,1779,2175,2437,1587,7390,2695,3987,5802,3528,7396,4176,1892,1445,6753,6684,1499,710,1564,1475,553,1438,983,591,1012,848,437,756,221,6753,3715,8032,136,1668,6819,6818,7279,3217,829,6890,665,665,6753,6331,6331,2314,1003,1559,1001,1959,183,3804,665,1174,1566,2764,3424,3596,3775,2837,3331,2627,3534,1,4,598
"G300","2014-2018",,,"Montana","30",,,,,,,,,,,,,,,,,,,,,,,,,,,,,,"Montana",1041732,1041732,1002713,898953,4348,64643,7806,706,486,25771,495,25276,39019,26689,282,2646,141,51,5546,3664,1303,2361,499849,426229,378154,48075,35214,7476,3328,1126,931,3852,3702,14,34,7,95,312,842,6305,25889,3917,32503,467346,35456,88605,96868,91710,58516,17733,34307,5282,6449,13906,10685,7829,423240,260229,208772,51457,17551,33906,163011,130033,32978,714267,3151,73,110,118,71,177,123,115,906,1257,8219,5420,9196,11682,7990,175345,33551,48081,121715,64097,148624,52011,13166,9069,423240,399968,8987,773,8214,7595,424,7171,2873,485,2388,3817,271,3546,52559,423240,44038,379202,29765,838808,532854,529682,507249,22433,3172,305954,505685,505685,423240,82445,82445,9317,1830,4230,1831,43692,338,21207,505685,9322,16085,76593,69800,56580,91219,44181,47723,23861,70321,1977,783,219600,"Montana",0,0,84,234,317,1013,484,168,193,1129,173,1098,84,1083,173,503,72,46,714,477,258,388,2992,2967,3196,1857,1610,719,484,224,200,436,428,22,42,10,56,154,189,598,1039,396,1198,2997,1238,1973,2352,2206,1864,776,1152,420,475,777,734,571,2033,2518,2180,1492,879,1116,2369,2136,1263,774,311,44,57,65,77,70,70,63,213,270,588,447,593,752,532,2595,1211,1355,2058,1776,2617,1403,795,672,2033,2166,599,178,579,562,138,565,314,137,282,245,117,267,587,2033,1255,2315,309,622,2869,2865,2934,946,313,2775,498,498,2033,1887,1887,743,423,462,382,1097,96,1065,498,759,810,1566,1554,1301,1612,1073,1121,1009,1436,1,8,1419
"G310","2014-2018",,,"Nebraska","31",,,,,,,,,,,,,,,,,,,,,,,,,,,,,,"Nebraska",1904760,1904760,1701479,1512314,88442,13918,43839,1091,1982,39893,785,39108,203281,154149,2418,3364,266,301,34076,8707,4655,4052,980914,892182,803715,88467,66514,12859,5605,2525,964,6531,6131,107,130,38,125,641,1142,4198,26141,6535,43544,937370,61719,161940,173223,165600,138795,57817,84933,16011,17033,32637,17313,10349,754063,484034,379707,104327,31450,72877,270029,219665,50364,1242463,14848,294,354,578,1189,2324,1731,2200,9892,3036,12782,12395,14933,18242,15941,283361,43188,93059,192857,130043,258291,92723,21949,16253,754063,669255,52114,12539,39575,14538,1870,12668,11807,3771,8036,6349,1799,4550,59116,754063,69211,684852,31101,1483161,1035610,1030381,993836,36545,5229,447551,830749,830749,754063,76686,76686,14921,2558,5535,3094,16326,125,34127,830749,13735,23399,97849,96148,78039,133046,93514,79304,40552,175163,1972,805,147800,"Nebraska",0,0,35,436,1204,563,886,199,413,1567,240,1554,36,2776,457,584,132,132,2494,968,715,599,3351,3339,3202,2037,1797,776,550,420,198,485,477,76,65,27,70,171,207,499,895,553,1256,3541,1585,2455,2454,2535,2314,1385,1620,607,783,1021,844,595,2749,2568,2831,1722,990,1519,2257,2232,1132,734,855,180,133,259,278,357,316,334,697,423,783,679,749,924,760,2752,1163,1642,2336,1934,2903,1926,866,739,2749,2692,909,756,957,705,311,658,507,371,534,575,347,504,346,2749,1635,3086,174,874,3066,3112,3343,1153,416,2964,533,533,2749,2467,2467,985,429,476,412,730,72,1323,533,775,828,1542,1513,1522,1948,1602,1724,1124,1992,1,5,811
"G320","2014-2018",,,"Nevada","32",,,,,,,,,,,,,,,,,,,,,,,,,,,,,,"Nevada",2922849,2922849,2091252,1458093,249967,26355,229928,17703,8693,100513,2615,97898,831597,477010,11156,9490,4765,1649,287541,39986,20827,19159,1351950,1196476,1056958,139518,106309,19212,7113,4757,2127,46574,45986,204,270,45,69,936,4435,5242,25750,18999,53538,1298412,28014,104028,173322,217044,240426,108287,218430,33613,42016,65367,40854,27011,1075930,683185,477255,205930,68216,137714,392745,307649,85096,2001450,32255,399,619,1091,2473,6471,4203,7284,35153,7743,16212,32977,31574,42967,52742,483098,80131,149930,365081,163699,317510,116743,32676,18419,1075930,749504,205840,46238,159602,37345,4846,32499,70937,12855,58082,12304,2324,9980,57598,1075930,139681,936249,29961,2322826,1480282,1472351,1370603,101748,7931,842544,1235096,1235096,1075930,159166,159166,42205,7473,12991,5935,47497,227,42838,1235096,24960,37471,349632,336038,191574,159093,73420,35228,14006,13674,1994,1060,242400,"Nevada",0,0,0,837,2226,823,2146,556,1072,3351,429,3338,0,5643,1164,1197,737,379,6142,2349,1599,1660,5308,6053,6487,3740,3067,1267,804,641,358,2048,2064,119,118,42,50,220,495,582,1334,1151,1663,5517,1335,2453,3653,4123,3826,2273,3963,1292,1745,1917,1709,1460,3357,3919,4060,2948,2058,2599,3477,3146,1707,398,1366,142,206,250,387,711,440,709,1555,666,1071,1410,1348,1474,1450,4928,2011,3131,4538,2531,4126,2379,1050,771,3357,3512,1932,1626,1975,1143,473,970,1319,732,1258,763,314,693,408,3357,2171,3616,212,992,5033,5092,5233,2436,594,5160,330,330,3357,3468,3468,1685,684,934,670,1665,115,1710,330,1082,1456,2882,2716,2808,2099,1626,1030,857,855,1,5,1169
"G330","2014-2018",,,"New Hampshire","33",,,,,,,,,,,,,,,,,,,,,,,,,,,,,,"New Hampshire",1343622,1343622,1295266,1214547,17622,1838,35848,270,1323,23818,845,22973,48356,35467,2894,252,276,89,5306,4072,1812,2260,707037,627473,571653,55820,44710,7034,2554,932,590,5806,4727,161,204,654,60,604,977,1833,19003,6079,45262,661775,23984,70473,89620,91817,87671,44781,81085,22713,28373,55194,43203,22861,528078,348905,277398,71507,23544,47963,179173,137426,41747,952115,5568,147,182,121,187,506,463,805,1809,2317,9071,8978,12884,12956,11613,223340,39665,58100,119591,96387,213277,101226,19032,13890,528078,474805,13126,2312,10814,28091,2845,25246,9119,1977,7142,2937,490,2447,74057,528078,42279,485799,38548,1114817,756239,754409,724017,30392,1830,358578,630955,630955,528078,102877,102877,6780,2329,5056,1476,70792,260,16184,630955,6635,11478,76646,66688,126510,93134,54721,44290,23638,127215,1977,1077,252800,"New Hampshire",0,0,209,471,722,290,770,86,407,1031,268,1021,209,1250,661,122,145,122,734,665,429,555,3405,3488,3254,1785,1384,756,472,287,165,627,584,129,83,186,38,174,243,308,1005,561,1460,3331,1201,2178,2234,2065,1904,1454,2291,884,1172,1599,1473,995,2194,2183,2717,1789,1100,1537,2057,1998,1368,482,477,82,114,98,103,183,190,187,327,391,646,770,978,788,694,3307,1430,1607,2320,1728,2907,2199,1035,768,2194,2527,652,354,670,977,349,973,565,305,547,292,181,267,714,2194,1270,2463,276,733,2710,2735,3050,1273,297,2811,362,362,2194,2023,2023,646,421,669,282,1577,155,1019,362,528,734,1711,1819,2134,2111,1431,1256,983,2126,1,8,1499
"G340","2014-2018",,,"New Jersey","34",,,,,,,,,,,,,,,,,,,,,,,,,,,,,,"New Jersey",8881845,8881845,7113825,4960005,1129257,9599,826944,2255,36881,148884,14595,134289,1768020,1071742,67507,9050,5459,1102,531095,82065,38672,43393,4303118,3416225,3071526,344699,250730,49270,21321,13770,9608,494549,266138,3918,88728,125090,10675,14179,2305,12560,125663,49207,188430,4114688,83431,315877,474915,513929,539713,255559,548013,129228,195614,406635,436834,214940,3213362,2222368,1646548,575820,155843,419977,990994,829344,161650,6129542,82079,1358,1033,2798,6446,14158,17306,23073,63435,22576,68955,64541,80568,89509,103278,1530024,153544,309670,710066,401069,1457910,671274,158342,96530,3213362,2180784,506356,132552,373804,304391,50350,254041,164754,35826,128928,57077,7452,49625,79363,3213362,311025,2902337,40895,7142175,4684112,4675686,4390602,285084,8426,2458063,3605401,3605401,3213362,392039,392039,63742,11040,35674,14553,135527,231,131272,3605401,36833,58133,331184,345546,422893,456230,487733,539274,265576,661999,1967,1295,327900,"New Jersey",0,0,0,1670,3129,636,2549,218,2145,3773,1296,3467,0,10049,2926,1310,752,361,10446,3589,2119,2698,9142,9614,8945,5727,4277,1936,1329,1214,793,5347,4126,483,2140,2620,704,1161,396,883,2931,1810,3281,9339,2397,4679,4625,5088,5821,4017,5164,2475,3430,4779,4885,3456,6651,7874,9559,5695,3140,4358,5740,5601,2523,409,2355,251,201,416,618,1116,1146,1221,2623,1342,2209,1959,2047,2235,2454,12472,2942,5139,5755,4375,8080,5993,2247,2131,6651,6288,3114,2039,3183,3176,1499,3139,2354,1417,2061,1607,674,1557,386,6651,3741,7917,197,1961,9112,9044,8968,4204,624,9168,471,471,6651,6520,6520,2516,879,1901,1099,2072,113,3554,471,1429,1635,3379,3594,3724,3887,4509,4375,3793,4463,1,4,841
"G350","2014-2018",,,"New Mexico","35",,,,,,,,,,,,,,,,,,,,,,,,,,,,,,"New Mexico",2092434,2092434,1076683,788308,38016,183408,29571,1046,4056,32278,1754,30524,1015751,770578,4990,16488,1942,468,186055,35230,21998,13232,880271,794374,706167,88207,65854,12845,5113,2906,1489,10139,8942,77,72,1006,42,192,2269,5802,18023,7004,42468,837803,31364,109196,143631,153515,127187,46670,98136,16676,20934,45105,29757,15632,775651,492776,342830,149946,44469,105477,282875,236373,46502,1394280,17383,404,325,782,2016,5977,3606,5358,24840,7415,18617,27363,32409,36887,22176,303626,64861,85994,241381,114664,213129,116002,23589,25476,775651,469523,241993,34144,207849,13039,1204,11835,8797,1523,7274,42299,4336,37963,48059,775651,135205,640446,26085,1655769,960566,951105,882735,68370,9461,695203,932818,932818,775651,157167,157167,24306,4727,12441,4090,52714,673,58216,932818,11722,22074,145017,165868,158952,163590,95948,89687,37994,41966,1982,828,166800,"New Mexico",0,0,0,639,1067,1162,1019,227,640,1896,344,1831,0,5165,803,1396,502,217,4861,1841,1653,1250,4169,4581,4697,2566,1966,847,604,560,277,947,917,63,50,219,41,83,306,579,1145,726,1598,4186,1501,2640,3430,3272,2541,2109,2710,836,1134,1503,1292,1102,3254,3146,3353,2598,1540,2138,3530,3350,1477,951,1035,170,113,230,294,667,518,490,1336,655,1192,1592,1391,1328,1205,4251,1934,2333,4081,2737,3285,2409,1007,1008,3254,3322,2646,1167,2828,720,215,702,541,270,519,978,333,931,438,3254,2317,3584,196,1051,4009,4042,4295,1779,703,4033,246,246,3254,3189,3189,1301,591,939,525,1444,210,1796,246,802,1066,2493,2800,2505,2545,1808,1839,1415,1288,1,6,766
"G360","2014-2018",,,"New York","36",,,,,,,,,,,,,,,,,,,,,,,,,,,,,,"New York",19618453,19618453,15912865,10959534,2808679,46139,1616028,5591,105032,371862,36006,335856,3705588,1555415,259420,33505,14313,2426,1613188,227321,110578,116743,9246571,5515207,4913896,601311,457762,78364,34011,18855,12319,2591512,533192,9868,1773088,263228,12136,55560,6891,63313,569444,55475,389169,8857402,203000,635275,907298,1027826,1078590,485334,1240381,267391,459429,968168,1080690,504020,7316537,4634204,3232009,1402195,363682,1038513,2682333,2176387,505946,13606342,264723,3031,4148,9451,19555,40742,39372,70458,159361,65241,181095,202510,226380,251883,301899,3020851,535400,634196,1503643,1184265,2748577,1541679,390755,207127,7316537,5037530,1075160,285857,789303,708624,151777,556847,366892,135268,231624,128331,20489,107842,65323,7316537,1150522,6166015,37470,15951997,10070138,10047659,9445023,602636,22479,5881859,8287087,8287087,7316537,970550,970550,152802,40064,68359,39976,342825,2331,324193,8287087,56767,119495,527578,513370,629850,824435,1040166,1215468,690197,2669761,1956,1240,302200,"New York",0,0,0,2748,4596,1401,4456,677,4281,6041,2037,5745,0,15982,6235,2773,1319,482,19089,5982,3707,4876,17007,14291,12163,6929,5893,2208,1679,1183,1006,10583,6107,1003,9093,4434,915,2043,572,1966,6975,2124,4691,17393,3524,5682,6242,7308,6820,5732,8225,3812,4519,8318,7348,5396,13711,14232,16737,7797,4674,5683,8450,8014,4759,993,4382,409,495,981,1102,1777,1733,2395,3117,2159,3716,3972,3370,3260,4154,18941,5410,6632,9534,7082,13037,11903,4403,3702,13711,13278,5015,4102,5783,5137,2603,4622,3473,1970,3983,2516,1006,2164,270,13711,6395,15097,160,3114,16166,15991,16653,5934,957,16009,779,779,13711,13511,13511,3779,1999,2431,2086,3972,324,6307,779,1594,2341,4339,5152,5086,5596,5668,6365,4635,9723,1,3,965
"G370","2014-2018",,,"North Carolina","37",,,,,,,,,,,,,,,,,,,,,,,,,,,,,,"North Carolina",10155624,10155624,9219674,6433039,2146254,111360,280059,5677,22615,220670,6741,213929,935950,561201,33368,9992,2205,1262,285291,42631,20971,21660,4660377,4215826,3781646,434180,332418,59507,21656,12289,8310,47381,42455,832,2523,1233,338,4815,5761,9824,85152,38580,253038,4407339,122655,425613,642470,756018,690641,314595,584890,140001,149695,313561,181850,85350,3918597,2573526,1886087,687439,173471,513968,1345071,1113548,231523,6881774,82023,1414,1111,2743,6552,13638,11810,20517,56376,36594,90138,135505,162954,155026,93465,1482960,297293,434625,1045166,652658,1345846,543580,116857,92923,3918597,3473080,265212,65550,199662,88354,9059,79295,68223,14290,53933,23728,3650,20078,52413,3918597,532211,3386386,29456,8124899,5071505,4978432,4665822,312610,93073,3053394,4573066,4573066,3918597,654469,654469,103950,21738,49548,19826,211487,1392,246528,4573066,95165,167882,909326,916879,716715,630915,411647,321510,162889,240138,1987,877,165900,"North Carolina",0,0,99,1516,4749,1289,1938,507,2111,5381,769,5344,99,7378,2505,1362,418,373,7367,2446,1699,1623,10612,10901,10302,5585,4955,2235,1457,1022,767,1439,1402,208,359,243,128,611,537,794,2360,1817,4192,10812,2945,4063,6113,5955,5315,4382,5596,3011,2874,4040,3292,2600,8585,10078,11207,5257,3676,4306,5616,5643,3232,1458,2058,297,260,353,653,931,895,1015,1999,1653,2099,3253,3745,3506,2131,9928,3964,6252,9052,5984,10152,6224,2519,2421,8585,8067,2818,1841,2854,1948,686,1894,1607,840,1420,1032,604,932,224,8585,4951,10098,143,2216,10381,9823,9863,4656,1739,10103,829,829,8585,9156,9156,3241,1300,1943,1231,2839,338,4827,829,2180,2637,6167,7025,5955,4574,4109,3961,2890,3203,1,3,470
"G380","2014-2018",,,"North Dakota","38",,,,,,,,,,,,,,,,,,,,,,,,,,,,,,"North Dakota",752201,752201,725672,639477,20113,38308,10664,366,972,15772,201,15571,26529,15791,332,1154,150,12,6556,2534,996,1538,398937,359759,325252,34507,25195,5439,2152,1043,678,2150,1980,40,21,74,35,302,358,1485,13631,2329,18923,380014,32066,78502,87469,76029,40164,11587,20110,3269,4284,10140,9535,6859,314903,188288,151214,37074,13122,23952,126615,98845,27770,490233,3019,59,93,33,105,185,178,311,851,855,10014,3654,5735,6201,5501,113235,18029,30831,79736,67212,105552,26902,6962,4980,314903,289908,7257,728,6529,10418,1552,8866,2792,393,2399,4528,984,3544,63473,314903,23671,291232,35373,595742,418604,412530,400841,11689,6074,177138,367684,367684,314903,52781,52781,12502,2694,3054,1297,15898,858,16478,367684,17720,27117,45465,39223,41905,65909,33362,32365,15983,48635,1978,806,185000,"North Dakota",0,0,106,485,767,687,497,154,499,1072,94,1065,107,969,130,290,84,19,860,581,388,418,2364,2175,2323,1105,905,580,355,203,163,322,316,42,16,80,22,142,99,322,726,316,877,2139,932,2121,2369,2038,1319,680,926,307,362,577,740,483,1937,1839,1719,1299,776,1004,1999,1875,1133,659,387,62,67,32,58,65,104,150,197,199,599,417,454,515,474,1811,864,1058,1674,1537,1858,991,689,427,1937,2099,483,224,502,667,277,659,351,125,328,562,261,496,688,1937,824,2150,404,569,2028,1989,2200,913,425,1933,692,692,1937,1577,1577,1058,521,412,314,732,219,823,692,980,1265,1309,1082,1397,1221,884,906,733,964,1,7,1885
"G390","2014-2018",,,"Ohio","39",,,,,,,,,,,,,,,,,,,,,,,,,,,,,,"Ohio",11641879,11641879,11210552,9220638,1418048,17723,247987,3055,18848,284253,6890,277363,431327,269194,20223,5840,1754,536,90944,42836,19844,22992,5442764,4949445,4526389,423056,330803,51988,18620,12959,8686,87570,83286,954,2231,613,486,5501,4616,16359,121728,37230,220315,5222449,177666,570975,752233,848856,838746,425253,658730,173013,183893,330062,178560,84462,4654075,2953760,2145423,808337,219756,588581,1700315,1410748,289567,7937085,68548,1077,887,1370,2928,5768,5063,7014,18245,18715,93705,91594,154583,189952,126711,2333362,306116,543607,1080640,681630,1370810,613112,133086,88562,4654075,4284627,125471,21911,103560,136570,19718,116852,61450,14303,47147,45957,8957,37000,54533,4654075,665302,3988773,30304,9332790,5901307,5892809,5549577,343232,8498,3431483,5188270,5188270,4654075,534195,534195,96114,24026,49171,23622,58032,528,282702,5188270,45961,78298,501604,614813,466027,741153,632105,732973,324252,1051084,1968,788,140000,"Ohio",0,0,293,1492,4353,953,2081,386,1650,4991,1053,4692,293,3668,1463,893,329,172,3558,1974,1438,1665,10571,11535,11184,5284,4411,1923,1195,970,656,2477,2429,166,277,162,139,574,427,1064,2631,1565,3500,10920,3141,5073,5655,5766,6545,4069,4967,3147,3581,3763,2741,1982,10201,9256,11965,6827,3290,5595,6649,6674,3254,1257,1895,215,174,251,428,750,522,678,1084,884,1818,2302,3187,3645,2721,12355,4400,5849,8323,5868,8890,6717,2398,2027,10201,9844,1631,845,1722,2059,971,1834,1620,739,1350,1576,910,1226,167,10201,5640,12233,124,2246,8712,8704,9628,4748,589,8402,617,617,10201,10078,10078,2923,1442,2094,1323,1840,170,5581,617,1395,1931,4194,5119,4282,5110,4582,4673,3627,5406,1,2,396
"G400","2014-2018",,,"Oklahoma","40",,,,,,,,,,,,,,,,,,,,,,,,,,,,,,"Oklahoma",3918137,3918137,3510616,2586110,282622,280638,82318,3982,4790,270156,2383,267773,407521,251662,5337,14038,1074,489,101967,32954,12697,20257,1748344,1615004,1440542,174462,134848,23217,9056,5431,1910,7428,6831,197,73,112,215,1213,3041,4308,31322,15780,70248,1678096,71718,224762,277126,290306,261338,105851,206105,38478,40532,85020,47950,28910,1474620,975462,718745,256717,76016,180701,499158,414568,84590,2574001,25034,395,513,984,2008,4119,3285,5038,22959,10714,30704,42790,55258,68535,41452,677212,129195,191733,415100,198903,428829,157907,36285,25049,1474620,1319581,97353,22353,75000,19331,1463,17868,23510,5782,17728,14845,1397,13448,51424,1474620,202938,1271682,27432,3063396,1878306,1860415,1761328,99087,17891,1185090,1723230,1723230,1474620,248610,248610,45820,7742,19952,14098,39285,680,121033,1723230,33664,65521,238496,204226,253849,323260,199750,178620,90632,135212,1978,793,130900,"Oklahoma",0,0,0,626,1720,2635,1093,514,572,3712,551,3558,0,3816,622,1115,264,233,3348,1932,1110,1556,3884,4327,4652,2449,2297,951,746,599,289,606,647,119,56,55,109,324,340,369,1176,730,1545,4258,1448,3001,3203,2884,3230,2257,2525,1166,1136,1645,1235,1060,3107,3716,3298,2967,1659,2239,3020,2760,1667,765,1116,132,144,183,353,421,434,478,1180,624,1218,1318,1364,1599,1254,4412,2262,2562,3453,2673,3975,2294,1151,986,3107,3168,1364,860,1251,819,210,801,671,417,651,714,259,630,213,3107,2099,3295,139,1117,3621,3634,3895,1888,838,3608,514,514,3107,2898,2898,1747,563,837,752,807,158,1744,514,1125,1640,2367,2466,2441,2787,2444,2206,1704,1528,1,3,575
"G410","2014-2018",,,"Oregon","41",,,,,,,,,,,,,,,,,,,,,,,,,,,,,,"Oregon",4081943,4081943,3557987,3103557,74356,36776,172505,15301,6410,149082,2986,146096,523956,342376,3433,10185,2005,705,120674,44578,17242,27336,1895393,1545544,1356677,188867,149842,23455,8847,4252,2471,85300,65312,8351,8646,2764,227,1813,4924,42256,71623,14170,129763,1765630,65016,212221,271894,291327,257425,111405,214960,45868,62790,120456,78219,34049,1591835,1005869,772458,233411,71845,161566,585966,439093,146873,2850693,30821,436,672,1458,2833,6033,3562,5917,23046,6850,23828,31477,39663,48210,49376,530622,125743,232529,499948,249852,583144,247490,62012,45171,1591835,1347182,130368,22310,108058,51533,5072,46461,52109,11947,40162,10643,2017,8626,59393,1591835,279394,1312441,32045,3313374,2061035,2058128,1934643,123485,2907,1252339,1750539,1750539,1591835,158704,158704,23382,6535,14549,6824,62502,497,44415,1750539,30712,39459,253920,297374,193150,338270,162662,142177,92566,200249,1978,1050,287300,"Oregon",0,0,0,1164,1403,1501,1873,597,1118,2810,607,2784,0,4177,617,1246,461,327,4303,2518,1817,2040,5824,7031,6990,3917,3381,1146,942,657,416,2306,2264,761,742,376,91,428,488,1596,2218,1076,2793,6635,1979,3572,3165,4334,3738,2259,3628,1537,1975,2491,2158,1300,4000,4521,5258,3160,1744,2859,3544,3618,2482,744,1451,150,174,395,396,697,431,784,1389,588,1438,1571,1748,1758,1488,5036,2755,3275,5441,3027,5345,3253,1825,1371,4000,4869,2203,1160,2358,1218,510,1234,1131,681,1142,758,386,694,384,4000,3422,5316,178,1236,5978,5963,5800,2696,372,5819,324,324,4000,3949,3949,1466,834,1266,613,1719,180,2028,324,1114,1339,3131,3742,2991,3175,2662,2212,2011,2595,1,5,1017
"G420","2014-2018",,,"Pennsylvania","42",,,,,,,,,,,,,,,,,,,,,,,,,,,,,,"Pennsylvania",12791181,12791181,11886025,9826865,1360576,14419,424597,2702,20860,236006,9675,226331,905156,514577,62743,10428,3295,1405,237834,74874,28380,46494,6032013,5104953,4593109,511844,397988,63885,26506,14083,9382,337633,224086,7724,45705,59380,738,6457,5874,29823,223371,43478,280424,5751589,182269,569508,765637,836433,809127,383958,745484,188363,243363,500872,358737,167838,5025132,3232070,2408669,823401,230451,592950,1793062,1484446,308616,8921363,88991,1462,1246,2438,3913,9083,8564,12498,29487,23434,110048,105405,165795,180765,130889,2784595,349060,487407,939376,741590,1661705,774543,177901,131168,5025132,4417389,257598,55062,202536,213958,33397,180561,100016,26968,73048,36171,6428,29743,59445,5025132,700759,4324373,32889,10432506,6536846,6531763,6151998,379765,5083,3895660,5673599,5673599,5025132,648467,648467,96671,22486,57564,28988,176810,761,265187,5673599,46795,88118,475083,542968,542606,704497,576665,775965,427320,1493582,1962,915,174100,"Pennsylvania",0,0,108,1448,4028,1003,2084,290,1761,4501,1090,4503,108,5399,3366,1245,606,387,5237,2995,1810,2289,12277,13009,12633,5394,4794,2236,1419,827,744,4937,4357,691,1591,1656,178,695,422,1455,4310,1498,4045,13075,4047,4578,5759,6469,5728,4150,5334,3299,3404,4737,4139,2738,9263,10250,12997,6398,3332,4884,6911,7093,3583,1002,2198,276,246,354,556,718,701,838,1550,1172,1954,2689,2965,2938,2659,12305,3916,4584,7116,6045,8564,6969,3052,2467,9263,9622,2444,1659,2446,2904,1068,2694,1504,939,1504,1271,612,1066,234,9263,5501,12301,118,2037,10885,10988,12061,5039,442,10743,714,714,9263,9355,9355,3058,1104,2051,1353,2132,213,5229,714,1398,1785,4108,4124,4758,4454,3931,4210,3677,7721,1,3,362
"G440","2014-2018",,,"Rhode Island","44",,,,,,,,,,,,,,,,,,,,,,,,,,,,,,"Rhode Island",1056611,1056611,897753,767727,59001,3708,35128,684,7090,24415,3145,21270,158858,86775,10253,1776,535,179,51046,8294,4242,4052,515872,457799,413105,44694,35302,5230,2024,1110,1028,12915,9388,39,418,3005,65,560,344,1770,18556,3498,20430,495442,11865,49590,74250,79825,80936,34823,62146,15062,19323,33338,21456,12828,410885,255666,182276,73390,18624,54766,155219,126661,28558,733188,10680,153,93,687,1099,2437,3926,2399,4713,3362,8607,11618,13035,13466,11719,172787,34220,42214,90873,61136,145595,69830,15651,12888,410885,313741,46973,14485,32488,37368,5853,31515,9117,2337,6780,3686,641,3045,63296,410885,69135,341750,34619,873369,565997,562451,527972,34479,3546,307372,467412,467412,410885,56527,56527,10059,3187,4620,1336,17699,0,19626,467412,2089,4339,28354,35311,51668,57031,52520,58591,32519,144990,1960,981,249800,"Rhode Island",0,0,0,796,1171,535,856,274,999,1332,669,1407,0,2897,1429,571,252,137,2890,1233,783,953,2931,3415,3416,1942,1726,563,461,283,255,887,831,37,141,320,52,284,121,245,924,458,991,3019,785,1372,2062,1921,2431,1220,1985,905,961,1258,1058,870,1911,1962,2044,1633,995,1429,1993,1878,1151,356,758,106,60,315,267,452,526,389,505,428,708,821,881,928,787,3176,1195,1542,2466,1649,2578,1941,716,950,1911,1777,897,932,995,1048,463,1012,532,342,509,410,195,366,705,1911,1598,2407,345,608,2797,2835,3037,1259,306,2796,146,146,1911,1891,1891,802,504,582,335,792,30,1207,146,316,405,1090,1186,1410,1726,1538,1400,1238,2124,1,9,1738
"G450","2014-2018",,,"South Carolina","45",,,,,,,,,,,,,,,,,,,,,,,,,,,,,,"South Carolina",4955925,4955925,4680240,3156973,1328352,14187,74278,2812,8584,95054,2193,92861,275685,176013,11008,2499,806,192,70013,15154,8896,6258,2215014,2033156,1825021,208135,161362,28832,10324,4804,2813,11816,10457,147,601,180,431,2427,2995,5446,46140,21134,91900,2123114,63809,192924,297460,357244,336888,143652,307194,68401,69791,159029,87757,38965,1894711,1249795,892969,356826,84331,272495,644916,542317,102599,3385002,37099,881,431,1163,2286,5480,4507,7395,21399,19363,41634,59281,87421,87004,60426,847337,151122,202163,496341,324446,588965,250813,51051,36994,1894711,1750425,83817,19688,64129,34788,3311,31477,19943,4254,15689,5738,639,5099,51015,1894711,257047,1637664,27986,3985183,2411983,2380549,2227307,153242,31434,1573200,2256951,2256951,1894711,362240,362240,62084,9263,24487,8918,129417,414,127657,2256951,57112,85021,445055,437146,374939,339727,204732,151393,67247,94579,1987,868,154800,"South Carolina",0,0,94,826,2761,681,1243,472,1199,3151,638,3039,94,3168,1194,799,267,111,3268,1468,1035,924,8095,8277,8701,4246,3868,1501,1083,665,455,1032,996,91,161,106,212,393,361,411,1491,1154,2062,8145,1973,4001,4466,4205,4619,3075,4712,1866,2353,2952,2338,1432,6012,7097,6880,4404,2425,3332,4817,4316,2192,783,1285,214,151,256,387,686,527,794,1165,1129,1832,2213,2535,2281,2044,6951,3050,4036,4978,3799,5752,4136,1636,1420,6012,5419,1884,965,1890,1107,410,1094,854,542,748,607,179,605,271,6012,3452,6573,159,1522,7393,7457,7946,3477,1113,7254,314,314,6012,6046,6046,2209,796,1449,945,2568,143,3270,314,1496,1814,3883,4324,4169,3942,3048,2536,1758,1802,1,5,659
"G460","2014-2018",,,"South Dakota","46",,,,,,,,,,,,,,,,,,,,,,,,,,,,,,"South Dakota",864289,864289,832294,710810,15840,72263,12540,236,647,19958,109,19849,31995,19252,401,3068,120,57,5966,3131,1084,2047,436525,388474,350530,37944,27975,6242,2099,1125,503,2448,2354,23,44,0,27,219,722,1643,15269,2694,25056,411469,34819,84837,82587,75684,52348,18495,27369,4723,5962,12228,7564,4853,341565,216985,170352,46633,14849,31784,124580,102442,22138,567083,3834,63,49,162,215,388,405,296,1174,781,10525,5368,7934,9093,6657,147729,25533,36032,84293,65075,112426,34166,8813,6072,341565,315915,8121,1532,6589,6601,777,5824,3301,1184,2117,7627,1137,6490,56499,341565,35169,306396,29801,673638,461750,459025,442773,16252,2725,211888,387637,387637,341565,46072,46072,7200,2155,3064,1447,15183,154,16869,387637,8507,15641,57706,49954,38642,64016,31912,34623,17229,69407,1976,722,159100,"South Dakota",0,0,223,338,724,1014,479,90,361,1496,71,1494,223,1032,135,426,82,38,744,502,324,411,2456,2599,2516,1137,958,536,311,303,146,500,488,20,44,22,31,109,166,268,817,329,992,2560,1213,1979,1837,1908,1271,842,832,462,513,616,569,417,2003,1903,1824,1261,767,982,1794,1791,856,678,391,51,45,75,147,183,154,95,236,140,676,422,553,560,478,2224,1040,1212,1850,1585,2149,1197,723,483,2003,1940,535,315,558,469,210,437,295,213,240,459,240,425,508,2003,1076,2279,288,570,2225,2219,2266,826,336,2146,659,659,2003,1545,1545,627,414,409,284,809,66,833,659,660,770,1346,1263,1306,1374,1048,1054,777,1264,1,9,995
"G470","2014-2018",,,"Tennessee","47",,,,,,,,,,,,,,,,,,,,,,,,,,,,,,"Tennessee",6651089,6651089,6298687,4924145,1107218,15172,112015,3318,9686,127133,3440,123693,352402,242086,10271,2676,900,488,80980,15001,8288,6713,3003226,2772904,2503496,269408,207422,38912,13614,5500,3960,21786,20045,327,242,942,230,1706,3258,3915,39970,29035,130652,2872574,75269,266005,394715,475953,455360,202946,405831,87923,99371,225390,132727,51084,2567061,1695846,1241573,454273,117724,336549,871215,722285,148930,4530706,49403,689,747,1634,2580,8923,6684,9390,29684,24607,85259,74471,106559,116550,73090,1198201,269647,287384,655225,323928,762299,311861,76858,55033,2567061,2380667,99706,24630,75076,39126,3138,35988,30391,6803,23588,17171,4552,12619,50972,2567061,391326,2175735,28511,5321857,3257398,3239353,3047809,191544,18045,2064459,2930530,2930530,2567061,363469,363469,66691,17426,29572,12913,70028,567,166272,2930530,62366,95427,488792,531160,415154,457070,306611,261833,136808,175309,1983,841,158600,"Tennessee",0,0,309,1192,3096,977,1490,476,1291,3639,639,3444,309,3943,1469,610,273,208,3827,1568,1007,940,8994,9869,9644,5080,4345,1779,1067,603,548,986,969,114,99,261,110,314,411,444,1355,1552,2327,9332,2148,3627,5272,4982,5650,2906,4332,2303,2501,3561,2626,1791,6524,7095,8314,4520,2705,4031,5669,5320,3165,1480,1762,176,185,349,436,758,631,661,1251,1222,2291,2287,2296,2771,1976,8688,3671,4390,5996,3939,6824,4049,1884,1707,6524,6679,1593,1039,1629,1422,406,1333,1033,631,1007,1120,469,975,250,6524,4226,8051,148,1695,8019,8058,8707,3431,979,7908,823,823,6524,7056,7056,2433,1150,1546,1071,2182,185,3814,823,1525,2403,4177,4279,4226,3628,3185,3162,2482,2545,1,3,532
"G480","2014-2018",,,"Texas","48",,,,,,,,,,,,,,,,,,,,,,,,,,,,,,"Texas",27885195,27885195,16963639,11807263,3269253,68452,1292813,20381,42354,463123,21662,441461,10921556,8913426,96530,67609,15444,3291,1557880,267376,131162,136214,12842820,11650999,10345804,1305195,970345,203572,75170,38541,17567,184848,159344,3492,9745,11223,1044,8363,19988,32418,196708,145444,604052,12238768,315515,1144188,1634930,1918817,1765031,733364,1826083,356349,463124,1065917,736953,278497,9553046,6629325,4812972,1816353,488202,1328151,2923721,2397543,526178,17815359,354158,3708,5076,21224,48787,104174,65989,101545,435436,119805,246209,455401,341190,386462,304268,3660917,787964,1106617,2785910,1261050,3409836,1321019,287320,201294,9553046,6118137,2758226,636359,2121867,266930,28302,238628,308321,72932,235389,101432,15915,85517,59570,9553046,1207242,8345804,30143,21394120,13818331,13728630,12985624,743006,89701,7575789,10769900,10769900,9553046,1216854,1216854,308747,57160,95712,51988,251097,2974,449176,10769900,360718,549114,2155115,1654382,1760363,1681799,985405,862939,369347,390718,1986,998,161700,"Texas",0,0,206,2579,5872,1809,4791,1009,3075,7830,1694,7482,206,21998,4262,4314,1389,648,19212,7672,5715,4959,17436,20181,16606,14558,10486,5582,3005,2240,1154,3173,3047,537,695,823,243,738,1154,1453,3412,3393,6005,19469,4604,8714,9964,11239,12191,7580,10558,4988,4629,9276,8315,4098,18343,19105,23549,9678,6231,7481,10635,10102,5529,2079,6370,458,640,1213,2217,3189,2180,3027,7832,3082,5076,7244,5625,5809,5197,21543,8205,13811,17480,10864,17076,11279,3895,3819,18343,14715,8658,5616,10039,4070,1340,3939,3786,1982,3294,2811,1129,2768,209,18343,7846,20424,102,3908,17522,17465,17411,7915,2259,17146,694,694,18343,18249,18249,6470,2678,3131,2347,3985,502,7814,694,4698,6303,9228,7975,8418,8856,5646,5892,3701,3781,1,2,339
"G490","2014-2018",,,"Utah","49",,,,,,,,,,,,,,,,,,,,,,,,,,,,,,"Utah",3045350,3045350,2623227,2394238,33713,28047,68747,26607,4802,67073,2038,65035,422123,237818,2149,4610,1063,489,153188,22806,12926,9880,1433444,1248877,1088975,159902,118705,22814,10198,5209,2976,35349,21345,3441,3203,7222,138,490,4451,10555,36297,9159,88266,1345178,52356,174342,220832,241443,213526,88198,151140,31998,37292,70554,44076,19421,957619,716884,587505,129379,40763,88616,240735,184648,56087,1782065,14827,332,446,829,1293,2678,1571,2254,13664,3834,7806,16353,18483,28646,30344,355712,51612,141143,323812,173766,391237,144145,32078,25200,957619,783150,107434,15627,91807,31532,2288,29244,26840,3444,23396,8663,1045,7618,68374,957619,74474,883145,28239,2224253,1514938,1510998,1452040,58958,3940,709315,1066131,1066131,957619,108512,108512,17443,3537,8526,3962,51654,543,22847,1066131,33546,49009,220519,188894,133827,175673,75780,74929,37818,76136,1987,988,256700,"Utah",0,0,0,893,1120,907,1324,965,786,2098,503,2094,0,4506,580,899,295,145,4380,1662,1250,1286,4345,4407,5079,3200,2785,1306,914,615,425,1445,1105,409,455,567,72,183,455,655,1768,768,2205,4051,1661,2890,3419,3360,3012,2328,2665,1179,1368,1689,1400,950,2261,3150,3847,2400,1454,1845,2787,2554,1580,579,977,179,179,255,282,375,443,313,1114,520,682,1196,909,1150,1267,4406,1594,2887,3971,2956,3822,2787,1144,884,2261,2830,1671,926,1538,1110,344,1074,760,386,789,524,195,496,437,2261,1919,3121,159,1136,3863,3902,4238,2079,504,4060,428,428,2261,2406,2406,1213,474,743,650,1442,168,1308,428,1207,1501,2039,2331,2082,2479,1684,1418,1331,1308,1,6,1116
"G500","2014-2018",,,"Vermont","50",,,,,,,,,,,,,,,,,,,,,,,,,,,,,,"Vermont",624977,624977,613300,581023,7602,1867,10541,170,898,11199,184,11015,11677,8523,456,239,38,14,1528,879,204,675,321624,271998,244038,27960,22773,3388,929,409,461,3971,3637,25,215,64,30,229,337,2475,17852,2487,22275,299349,14405,39023,46214,47467,42101,19580,34911,9518,9533,19823,11540,5234,259589,158406,124868,33538,10731,22807,101183,77381,23802,439695,2683,58,63,23,165,109,52,187,574,738,5535,3993,6883,6803,4841,112989,15183,23545,53652,37513,97034,47484,11287,8301,259589,240380,3760,133,3627,11910,947,10963,2376,524,1852,1163,186,977,60076,259589,33369,226220,33238,521723,343168,342620,328742,13878,548,178555,333013,333013,259589,73424,73424,3293,855,3242,838,54367,36,10793,333013,3164,6488,37253,36594,52271,51572,29034,20519,10867,85251,1974,972,223700,"Vermont",0,0,0,193,394,269,406,68,258,673,87,674,0,362,130,134,33,22,303,236,85,211,1780,1968,2034,1026,906,325,199,104,147,401,415,26,98,28,30,101,102,336,864,342,800,1839,708,1005,1517,1260,1171,722,1122,495,603,725,566,343,1229,1581,1395,1162,651,997,1621,1404,934,382,332,39,55,25,87,53,34,72,139,143,389,407,512,562,480,1650,671,818,1346,1103,1507,1187,556,463,1229,1428,301,59,300,554,162,562,288,156,252,250,131,224,656,1229,1051,1432,337,435,1848,1872,1832,743,136,1895,163,163,1229,1201,1201,423,199,361,197,848,25,685,163,349,454,871,1098,964,1167,942,809,548,1386,1,12,1645
"G510","2014-2018",,,"Virginia","51",,,,,,,,,,,,,,,,,,,,,,,,,,,,,,"Virginia",8413774,8413774,7642597,5233111,1582421,17747,526973,4740,21295,256310,8233,248077,771177,489549,30864,5225,4530,937,187169,52903,24808,28095,4152433,3588194,3205870,382324,282010,62561,19020,10352,8381,184405,84111,658,82627,16479,530,8102,6102,17425,99787,40697,207721,3944712,89129,306294,470630,589697,566672,265910,567400,134776,169086,373201,288085,123832,3128415,2085245,1578357,506888,136383,370505,1043170,843863,199307,5730352,69818,1026,985,2363,4267,9522,9141,15918,40400,33752,61183,74634,101447,105589,82775,1154825,226255,346434,766185,436970,1244489,692598,144150,105626,3128415,2612383,208004,40519,167485,133277,11759,121518,123801,24208,99593,50950,6753,44197,71564,3128415,288254,2840161,37763,6756219,4450906,4336393,4118723,217670,114513,2305313,3491091,3491091,3128415,362676,362676,63404,19652,33483,13872,88357,370,143538,3491091,57820,108297,538583,559372,572327,551106,372495,312156,157168,261767,1982,1202,264900,"Virginia",0,0,504,1233,4598,828,3342,427,1586,5272,1052,5299,504,6234,2067,1055,751,279,6117,2893,2137,1776,8682,11071,10333,5182,4526,2307,1251,840,607,2928,2522,180,1929,967,133,859,560,1031,2290,1655,3028,9217,2434,4101,5680,5813,5523,4041,5707,2996,3160,3800,3787,2385,7210,7640,9199,4814,2770,3913,5291,5014,3305,1776,2227,202,227,380,590,855,649,1180,2124,1356,1930,2446,2723,2665,1936,9257,3490,4008,7244,3933,8391,6938,2746,2369,7210,6783,2264,1513,2487,2112,773,2096,1989,998,1902,1488,573,1358,326,7210,3901,8848,188,2090,7636,7613,8057,4125,2235,7748,718,718,7210,7692,7692,2435,1386,1800,1019,1866,173,3714,718,1633,2146,4302,4062,4583,4103,3217,3416,2393,2777,1,5,1004
"G530","2014-2018",,,"Washington","53",,,,,,,,,,,,,,,,,,,,,,,,,,,,,,"Washington",7294336,7294336,6382763,5039208,259482,80274,602020,46476,12077,343226,6662,336564,911573,506789,10372,14774,5409,1567,299093,73569,33979,39590,3485339,2853633,2506808,346825,265507,43599,16872,12238,8609,225913,194937,1678,8499,10385,10414,3308,10909,30853,125965,27582,207176,3278163,88632,296095,413895,490886,462971,215977,447960,107250,142285,286520,225604,100088,2800423,1813296,1407804,405492,127803,277689,987127,751465,235662,5001943,57948,761,1126,2847,4939,11236,7425,10658,40485,11762,37943,48340,56876,70512,81863,917800,191216,375788,807708,501449,1104621,471410,109253,77977,2800423,2243588,213735,42577,171158,128510,16451,112059,181317,40174,141143,33273,7313,25960,70116,2800423,372051,2428372,36888,5843155,3761036,3712186,3513856,198330,48850,2082119,3064381,3064381,2800423,263958,263958,40339,13081,22884,10795,95056,1537,80266,3064381,68422,105254,482692,521731,405909,490200,289560,234272,148019,318322,1981,1194,311700,"Washington",0,0,0,1154,2746,1720,3017,1121,1222,4201,817,4225,0,7426,1393,1648,647,322,7085,3288,2174,2165,7262,8786,9135,5108,4525,1803,1138,895,693,3424,3323,383,773,834,745,480,772,1301,2959,1323,2990,7586,2335,4169,4460,4590,4283,3460,4612,2264,2766,3768,3590,2269,5474,6110,8241,4869,2232,3758,5461,5440,3360,907,2171,159,214,445,565,911,808,860,1590,986,1587,2011,1886,2064,2013,7615,2822,4289,6864,4392,7579,5168,2361,1989,5474,5844,2331,1652,2626,2705,966,2589,2089,1235,2094,1298,636,1223,308,5474,4551,7689,168,1574,6117,5945,6919,3629,1425,6190,679,679,5474,5800,5800,2073,1069,1626,790,2048,325,2981,679,1718,1862,4130,4278,3813,4783,3348,2941,2495,3090,1,5,1121
"G540","2014-2018",,,"West Virginia","54",,,,,,,,,,,,,,,,,,,,,,,,,,,,,,"West Virginia",1829054,1829054,1801532,1684756,65597,3546,14353,309,3060,29911,865,29046,27522,19589,1131,122,181,41,4230,2228,1163,1065,727792,667619,600897,66722,54033,8225,3001,745,718,6627,5615,48,175,747,42,309,402,1049,20940,6633,24213,703579,27123,80099,103438,114676,98698,43091,79223,19261,22296,51318,39510,24846,734676,475835,358834,117001,34837,82164,258841,217917,40924,1292084,10152,182,215,302,408,944,1138,1973,6720,9247,26168,28681,37443,34952,15705,436424,87112,77117,163476,91975,158032,75727,16213,11778,734676,710252,10118,891,9227,7958,601,7357,4546,953,3593,1802,202,1600,44921,734676,126135,608541,25479,1499244,797423,796365,742615,53750,1058,701821,890715,890715,734676,156039,156039,16898,3556,10687,4761,43110,174,76853,890715,6816,17913,106492,120741,109665,144730,82128,94268,67051,140911,1974,711,115000,"West Virginia",0,0,460,942,1114,476,592,127,779,1233,326,1189,460,900,384,76,143,44,643,419,302,258,4417,4260,4296,2158,2077,777,460,201,167,609,569,45,75,150,33,107,132,241,968,473,1158,4206,1180,2077,1908,2114,2125,1337,2243,957,1205,1619,1487,1260,2910,3141,3109,2278,1162,2165,2963,2797,1305,831,664,89,112,138,134,182,255,341,619,692,1119,1372,1479,1024,754,4640,2264,1903,2773,1894,2986,1806,896,696,2910,3070,590,225,560,527,159,537,388,228,340,293,105,284,470,2910,2170,3351,213,1010,4171,4202,4345,2014,219,4110,250,250,2910,2830,2830,1077,401,784,555,1090,107,2104,250,494,907,1979,2189,1832,2104,1903,1744,1648,1895,1,6,961
"G550","2014-2018",,,"Wisconsin","55",,,,,,,,,,,,,,,,,,,,,,,,,,,,,,"Wisconsin",5778394,5778394,5392615,4711038,361909,46149,158198,1676,4807,108838,2711,106127,385779,234928,6835,4273,1158,299,111134,27152,13703,13449,2920388,2601098,2369044,232054,182071,30266,10673,5915,3129,51391,49533,175,281,1148,254,3047,5393,20309,89410,18256,131484,2788904,120098,383636,461798,463334,407033,192614,303349,80514,88178,157614,85864,44872,2343129,1484455,1147230,337225,107700,229525,858674,683448,175226,3930889,34730,474,569,958,1292,3265,2976,3461,13371,5643,41688,31383,50264,65341,61759,1077539,139031,264540,549888,422227,762210,285851,66358,46071,2343129,2129236,107830,20727,87103,57989,6220,51769,37672,8011,29661,10402,1544,8858,59209,2343129,283261,2059868,32018,4639447,3092330,3089332,2964540,124792,2998,1547117,2681232,2681232,2343129,338103,338103,40200,8679,21812,6436,191564,522,68890,2681232,29219,49773,341400,372967,266845,394062,261113,293236,149246,523371,1973,837,173600,"Wisconsin",0,0,0,705,2005,1088,1278,396,698,2777,439,2671,0,3776,782,535,256,110,3540,1902,1166,1394,5993,6833,6471,3115,2910,1153,804,663,357,1432,1435,91,93,230,67,460,436,1025,1644,943,1939,6486,2189,4161,4117,3631,3943,2628,3124,1701,1721,2273,1710,1163,6471,5606,6687,3181,1730,2862,4359,4610,2269,816,1411,142,151,200,214,425,355,419,851,492,1171,1198,1283,1393,1624,6299,2125,3264,4519,3807,6273,3816,1614,1263,6471,6403,1357,982,1507,1245,398,1167,879,533,867,580,316,477,236,6471,2708,7548,126,1100,5549,5442,5982,2443,363,5552,2474,2474,6471,4454,4454,1611,841,1146,645,1739,163,2072,2474,781,1207,2667,3303,3025,3376,2608,2962,2304,3511,1,3,413
"G560","2014-2018",,,"Wyoming","56",,,,,,,,,,,,,,,,,,,,,,,,,,,,,,"Wyoming",581836,581836,524870,489559,5149,12717,4660,434,227,12124,151,11973,56966,42449,391,1336,96,105,9134,3455,1597,1858,287175,251676,222984,28692,19976,5278,2171,914,353,3774,3709,12,29,0,24,151,592,2454,11285,2392,14851,272324,24299,62734,65102,45005,22733,7185,14496,2831,3966,8927,8819,6227,230630,148692,118904,29788,11004,18784,81938,65525,16413,389291,1519,72,79,59,72,438,151,123,1412,670,2807,3399,4853,6381,5609,91927,19972,32098,70138,42835,67697,26978,5489,4513,230630,209803,13240,2046,11194,3984,289,3695,1891,298,1593,1712,62,1650,62268,230630,14796,215834,32295,458979,307485,304648,290963,13685,2837,151494,274985,274985,230630,44355,44355,8987,1205,2836,1155,16350,307,13515,274985,4353,10685,43974,31913,40152,54286,21346,24589,12760,30927,1979,843,213300,"Wyoming",0,0,184,152,565,594,502,231,134,863,73,862,184,1443,169,463,59,111,1138,576,338,419,2058,2348,2476,1381,994,667,360,326,131,468,460,16,47,28,22,99,178,356,944,353,1073,2258,1408,1920,1779,1456,999,687,822,474,473,757,766,584,1390,1582,1712,1262,818,992,1699,1774,882,628,344,65,94,55,46,193,94,72,330,215,422,377,418,553,512,2034,818,1169,1705,1405,1782,1116,495,485,1390,1418,580,308,619,460,110,444,310,99,300,227,76,215,932,1390,789,1513,459,576,1856,1873,2021,941,375,1845,115,115,1390,1392,1392,881,281,450,256,803,170,911,115,458,684,1314,1030,1103,1279,1004,1025,802,1039,1,15,2124
"G720","2014-2018",,,"Puerto Rico","72",,,,,,,,,,,,,,,,,,,,,,,,,,,,,,"Puerto Rico",3386941,3386941,37601,28015,3107,59,2337,44,2289,1750,122,1628,3349340,2255705,361903,8445,4347,259,544965,173716,16038,157678,1001256,910730,828210,82520,63331,12743,3849,1542,1055,20074,7978,7826,3790,62,418,528,1003,2146,29478,15273,22024,979232,18967,64071,114606,147716,140021,51250,163080,23423,46951,84004,89776,35367,1205075,827819,463150,364669,81032,283637,377256,330870,46386,2364398,61124,955,618,11609,18388,33917,42416,32385,69382,44431,59554,92300,38187,50918,22045,599597,60073,36342,255778,235051,428310,117015,28907,25096,1205075,52921,1149730,825405,324325,1789,349,1440,457,219,238,178,91,87,20166,1205075,483867,721208,12451,2793000,1240033,1238450,1028500,209950,1583,1552967,1563159,1563159,1205075,358084,358084,35367,5099,30696,5485,75076,154,206207,1563159,2304,13188,197781,242139,259449,353555,268275,138392,55283,32793,1978,474,113500,"Puerto Rico",0,0,1879,1580,510,36,662,39,420,398,93,384,1879,9613,6304,1169,670,262,8291,4893,1379,4627,5937,6681,6565,2718,2285,902,495,365,268,1166,754,773,392,48,141,158,249,358,1192,1132,1203,6062,1155,2069,2740,3510,3093,2158,3049,1129,1877,2373,2326,1538,4286,4328,3777,3648,2037,3224,3592,3652,1573,0,2114,223,204,880,1041,1424,1512,1380,1944,1490,1656,2375,1463,1594,1174,4513,1994,1421,3483,3837,4652,2747,1387,1159,4286,1237,4377,4678,4021,265,101,230,131,114,86,78,55,53,190,4286,3740,4449,108,1487,5646,5691,5867,3543,293,5581,2300,2300,4286,3899,3899,1294,447,1212,472,1690,91,2712,2300,372,785,2750,3281,3292,3850,2873,2338,1629,1217,1,4,475
